{
    "name": "root",
    "gauges": {
        "EnemyNPC.Policy.Entropy.mean": {
            "value": 0.33011049032211304,
            "min": 0.05308464542031288,
            "max": 0.4957680404186249,
            "count": 41
        },
        "EnemyNPC.Policy.Entropy.sum": {
            "value": 3288.890869140625,
            "min": 523.149169921875,
            "max": 5064.2705078125,
            "count": 41
        },
        "EnemyNPC.Environment.EpisodeLength.mean": {
            "value": 113.9047619047619,
            "min": 46.82857142857143,
            "max": 199.0,
            "count": 41
        },
        "EnemyNPC.Environment.EpisodeLength.sum": {
            "value": 9568.0,
            "min": 8776.0,
            "max": 10751.0,
            "count": 41
        },
        "EnemyNPC.Step.mean": {
            "value": 409969.0,
            "min": 9974.0,
            "max": 409969.0,
            "count": 41
        },
        "EnemyNPC.Step.sum": {
            "value": 409969.0,
            "min": 9974.0,
            "max": 409969.0,
            "count": 41
        },
        "EnemyNPC.Policy.ExtrinsicValueEstimate.mean": {
            "value": 0.33220601081848145,
            "min": 0.20060622692108154,
            "max": 0.7574045062065125,
            "count": 41
        },
        "EnemyNPC.Policy.ExtrinsicValueEstimate.sum": {
            "value": 70.42767333984375,
            "min": 39.92063903808594,
            "max": 200.71218872070312,
            "count": 41
        },
        "EnemyNPC.Environment.CumulativeReward.mean": {
            "value": 0.6707593509137431,
            "min": 0.00035555556985653107,
            "max": 1.0020930157092842,
            "count": 41
        },
        "EnemyNPC.Environment.CumulativeReward.sum": {
            "value": 56.34378547675442,
            "min": 0.0160000006435439,
            "max": 208.7562728484627,
            "count": 41
        },
        "EnemyNPC.Policy.ExtrinsicReward.mean": {
            "value": 0.6707593509137431,
            "min": 0.00035555556985653107,
            "max": 1.0020930157092842,
            "count": 41
        },
        "EnemyNPC.Policy.ExtrinsicReward.sum": {
            "value": 56.34378547675442,
            "min": 0.0160000006435439,
            "max": 208.7562728484627,
            "count": 41
        },
        "EnemyNPC.IsTraining.mean": {
            "value": 1.0,
            "min": 1.0,
            "max": 1.0,
            "count": 41
        },
        "EnemyNPC.IsTraining.sum": {
            "value": 1.0,
            "min": 1.0,
            "max": 1.0,
            "count": 41
        },
        "EnemyNPC.Losses.PolicyLoss.mean": {
            "value": 0.035459147812798616,
            "min": 0.024718314649847646,
            "max": 0.045904474992615484,
            "count": 39
        },
        "EnemyNPC.Losses.PolicyLoss.sum": {
            "value": 0.035459147812798616,
            "min": 0.024718314649847646,
            "max": 0.045904474992615484,
            "count": 39
        },
        "EnemyNPC.Losses.ValueLoss.mean": {
            "value": 0.013578171127786238,
            "min": 0.0008197392453439534,
            "max": 0.015271052640552321,
            "count": 39
        },
        "EnemyNPC.Losses.ValueLoss.sum": {
            "value": 0.013578171127786238,
            "min": 0.0008197392453439534,
            "max": 0.015271052640552321,
            "count": 39
        },
        "EnemyNPC.Policy.LearningRate.mean": {
            "value": 5.89278803574e-05,
            "min": 5.89278803574e-05,
            "max": 0.00029385240204919997,
            "count": 39
        },
        "EnemyNPC.Policy.LearningRate.sum": {
            "value": 5.89278803574e-05,
            "min": 5.89278803574e-05,
            "max": 0.00029385240204919997,
            "count": 39
        },
        "EnemyNPC.Policy.Epsilon.mean": {
            "value": 0.11964259999999999,
            "min": 0.11964259999999999,
            "max": 0.19795079999999998,
            "count": 39
        },
        "EnemyNPC.Policy.Epsilon.sum": {
            "value": 0.11964259999999999,
            "min": 0.11964259999999999,
            "max": 0.19795079999999998,
            "count": 39
        },
        "EnemyNPC.Policy.Beta.mean": {
            "value": 0.00010624874,
            "min": 0.00010624874,
            "max": 0.00048995892,
            "count": 39
        },
        "EnemyNPC.Policy.Beta.sum": {
            "value": 0.00010624874,
            "min": 0.00010624874,
            "max": 0.00048995892,
            "count": 39
        }
    },
    "metadata": {
        "timer_format_version": "0.1.0",
        "start_time_seconds": "1747307833",
        "python_version": "3.10.12 | packaged by Anaconda, Inc. | (main, Jul  5 2023, 19:01:18) [MSC v.1916 64 bit (AMD64)]",
        "command_line_arguments": "C:\\Users\\trist\\anaconda3\\envs\\mlagents\\Scripts\\mlagents-learn .\\Config\\trainingConfig.yaml --run-id EnemyNPCModel_04 --torch-device cuda --initialize-from EnemyNPCModel_03",
        "mlagents_version": "1.1.0",
        "mlagents_envs_version": "1.1.0",
        "communication_protocol_version": "1.5.0",
        "pytorch_version": "2.6.0+cu126",
        "numpy_version": "1.23.5",
        "end_time_seconds": "1747309122"
    },
    "total": 1288.2934186999992,
    "count": 1,
    "self": 0.007209199997305404,
    "children": {
        "run_training.setup": {
            "total": 0.09767820000342908,
            "count": 1,
            "self": 0.09767820000342908
        },
        "TrainerController.start_learning": {
            "total": 1288.1885312999984,
            "count": 1,
            "self": 1.0213133996367105,
            "children": {
                "TrainerController._reset_env": {
                    "total": 10.848083599998063,
                    "count": 1,
                    "self": 10.848083599998063
                },
                "TrainerController.advance": {
                    "total": 1276.125462500364,
                    "count": 50007,
                    "self": 0.9248073001581361,
                    "children": {
                        "env_step": {
                            "total": 1103.265679999924,
                            "count": 50007,
                            "self": 880.1940997999845,
                            "children": {
                                "SubprocessEnvManager._take_step": {
                                    "total": 222.4697144996826,
                                    "count": 50009,
                                    "self": 2.6145695997329312,
                                    "children": {
                                        "TorchPolicy.evaluate": {
                                            "total": 219.85514489994966,
                                            "count": 46666,
                                            "self": 219.85514489994966
                                        }
                                    }
                                },
                                "workers": {
                                    "total": 0.6018657002568943,
                                    "count": 50006,
                                    "self": 0.0,
                                    "children": {
                                        "worker_root": {
                                            "total": 1195.7682286007039,
                                            "count": 50006,
                                            "is_parallel": true,
                                            "self": 456.3894135005976,
                                            "children": {
                                                "steps_from_proto": {
                                                    "total": 0.0017308000024058856,
                                                    "count": 3,