{
    "name": "root",
    "gauges": {
        "ExploreAgent.Policy.Entropy.mean": {
            "value": 1.393553376197815,
            "min": 1.393553376197815,
            "max": 1.4189382791519165,
            "count": 16
        },
        "ExploreAgent.Policy.Entropy.sum": {
            "value": 14122.2705078125,
            "min": 13849.5341796875,
            "max": 14507.224609375,
            "count": 16
        },
        "ExploreAgent.Environment.LessonNumber.difficulty.mean": {
            "value": 2.0,
            "min": 0.0,
            "max": 2.0,
            "count": 16
        },
        "ExploreAgent.Environment.LessonNumber.difficulty.sum": {
            "value": 2.0,
            "min": 0.0,
            "max": 2.0,
            "count": 16
        },
        "ExploreAgent.Environment.EpisodeLength.mean": {
            "value": 397.17391304347825,
            "min": 60.01234567901235,
            "max": 552.2352941176471,
            "count": 16
        },
        "ExploreAgent.Environment.EpisodeLength.sum": {
            "value": 9135.0,
            "min": 8325.0,
            "max": 11610.0,
            "count": 16
        },
        "ExploreAgent.Step.mean": {
            "value": 159980.0,
            "min": 9982.0,
            "max": 159980.0,
            "count": 16
        },
        "ExploreAgent.Step.sum": {
            "value": 159980.0,
            "min": 9982.0,
            "max": 159980.0,
            "count": 16
        },
        "ExploreAgent.Policy.ExtrinsicValueEstimate.mean": {
            "value": 0.5738426446914673,
            "min": -0.06233268976211548,
            "max": 0.6299062967300415,
            "count": 16
        },
        "ExploreAgent.Policy.ExtrinsicValueEstimate.sum": {
            "value": 94.68403625488281,
            "min": -14.149520874023438,
            "max": 108.34388732910156,
            "count": 16
        },
        "ExploreAgent.Environment.CumulativeReward.mean": {
            "value": 3.164992759409158,
            "min": 0.16913592630291577,
            "max": 3.232335422601965,
            "count": 16
        },
        "ExploreAgent.Environment.CumulativeReward.sum": {
            "value": 72.79483346641064,
            "min": 27.23088413476944,
            "max": 134.9969739317894,
            "count": 16
        },
        "ExploreAgent.Policy.ExtrinsicReward.mean": {
            "value": 3.164992759409158,
            "min": 0.16913592630291577,
            "max": 3.232335422601965,
            "count": 16
        },
        "ExploreAgent.Policy.ExtrinsicReward.sum": {
            "value": 72.79483346641064,
            "min": 27.23088413476944,
            "max": 134.9969739317894,
            "count": 16
        },
        "ExploreAgent.IsTraining.mean": {
            "value": 1.0,
            "min": 1.0,
            "max": 1.0,
            "count": 16
        },
        "ExploreAgent.IsTraining.sum": {
            "value": 1.0,
            "min": 1.0,
            "max": 1.0,
            "count": 16
        },
        "ExploreAgent.Losses.PolicyLoss.mean": {
            "value": 0.026683325599879026,
            "min": 0.019942581738966205,
            "max": 0.02889706746985515,
            "count": 15
        },
        "ExploreAgent.Losses.PolicyLoss.sum": {
            "value": 0.026683325599879026,
            "min": 0.019942581738966205,
            "max": 0.02889706746985515,
            "count": 15
        },
        "ExploreAgent.Losses.ValueLoss.mean": {
            "value": 0.004468112431156138,
            "min": 0.0032217002240940928,
            "max": 0.057057388375202814,
            "count": 15
        },
        "ExploreAgent.Losses.ValueLoss.sum": {
            "value": 0.004468112431156138,
            "min": 0.0032217002240940928,
            "max": 0.057057388375202814,
            "count": 15
        },
        "ExploreAgent.Policy.LearningRate.mean": {
            "value": 0.0002768874077042,
            "min": 0.0002768874077042,
            "max": 0.0002984587505137499,
            "count": 15
        },
        "ExploreAgent.Policy.LearningRate.sum": {
            "value": 0.0002768874077042,
            "min": 0.0002768874077042,
            "max": 0.0002984587505137499,
            "count": 15
        },
        "ExploreAgent.Policy.Epsilon.mean": {
            "value": 0.19229580000000004,
            "min": 0.19229580000000004,
            "max": 0.19948624999999995,
            "count": 15
        },
        "ExploreAgent.Policy.Epsilon.sum": {
            "value": 0.19229580000000004,
            "min": 0.19229580000000004,
            "max": 0.19948624999999995,
            "count": 15
        },
        "ExploreAgent.Policy.Beta.mean": {
            "value": 0.0004622494199999999,
            "min": 0.0004622494199999999,
            "max": 0.0004974826249999999,
            "count": 15
        },
        "ExploreAgent.Policy.Beta.sum": {
            "value": 0.0004622494199999999,
            "min": 0.0004622494199999999,
            "max": 0.0004974826249999999,
            "count": 15
        }
    },
    "metadata": {
        "timer_format_version": "0.1.0",
        "start_time_seconds": "1744621287",
        "python_version": "3.10.12 | packaged by Anaconda, Inc. | (main, Jul  5 2023, 19:01:18) [MSC v.1916 64 bit (AMD64)]",
        "command_line_arguments": "C:\\Users\\trist\\anaconda3\\envs\\mlagents\\Scripts\\mlagents-learn .\\config\\trainingConfig.yaml --run-id ExploreAgents_01 --torch-device cuda",
        "mlagents_version": "1.1.0",
        "mlagents_envs_version": "1.1.0",
        "communication_protocol_version": "1.5.0",
        "pytorch_version": "2.6.0+cu126",
        "numpy_version": "1.23.5",
        "end_time_seconds": "1744621700"
    },
    "total": 412.7450571999998,
    "count": 1,
    "self": 0.01807340000050317,
    "children": {
        "run_training.setup": {
            "total": 0.1501790999991499,
            "count": 1,
            "self": 0.1501790999991499
        },
        "TrainerController.start_learning": {
            "total": 412.57680470000014,
            "count": 1,
            "self": 0.631209400093212,
            "children": {
                "TrainerController._reset_env": {
                    "total": 19.541060199999265,
                    "count": 1,
                    "self": 19.541060199999265
                },
                "TrainerController.advance": {
                    "total": 392.0526858999092,
                    "count": 18505,
                    "self": 0.5765227001411404,
                    "children": {
                        "env_step": {
                            "total": 337.20137139986764,
                            "count": 18505,
                            "self": 278.6173713999415,
                            "children": {
                                "SubprocessEnvManager._take_step": {
                                    "total": 58.35271009985263,
                                    "count": 18505,
                                    "self": 1.0834197999538446,
                                    "children": {
                                        "TorchPolicy.evaluate": {
                                            "total": 57.269290299898785,
                                            "count": 17824,
                                            "self": 57.269290299898785
                                        }
                                    }
                                },
                                "workers": {
                                    "total": 0.23128990007353423,
                                    "count": 18504,
                                    "self": 0.0,
                                    "children": {
                                        "worker_root": {
                                            "total": 388.0324250999165,
                                            "count": 18504,