{
    "name": "root",
    "gauges": {
        "SeeTarget.Policy.Entropy.mean": {
            "value": 1.376907229423523,
            "min": 1.3759057521820068,
            "max": 1.4189382791519165,
            "count": 32
        },
        "SeeTarget.Policy.Entropy.sum": {
            "value": 13804.8720703125,
            "min": 13612.62109375,
            "max": 14571.0771484375,
            "count": 32
        },
        "SeeTarget.Environment.EpisodeLength.mean": {
            "value": 59.7639751552795,
            "min": 51.51578947368421,
            "max": 140.26666666666668,
            "count": 32
        },
        "SeeTarget.Environment.EpisodeLength.sum": {
            "value": 9622.0,
            "min": 8772.0,
            "max": 10932.0,
            "count": 32
        },
        "SeeTarget.Step.mean": {
            "value": 319983.0,
            "min": 9997.0,
            "max": 319983.0,
            "count": 32
        },
        "SeeTarget.Step.sum": {
            "value": 319983.0,
            "min": 9997.0,
            "max": 319983.0,
            "count": 32
        },
        "SeeTarget.Policy.ExtrinsicValueEstimate.mean": {
            "value": 0.035475485026836395,
            "min": -0.18685729801654816,
            "max": 0.035475485026836395,
            "count": 32
        },
        "SeeTarget.Policy.ExtrinsicValueEstimate.sum": {
            "value": 8.407690048217773,
            "min": -41.29546356201172,
            "max": 8.407690048217773,
            "count": 32
        },
        "SeeTarget.Environment.CumulativeReward.mean": {
            "value": 0.05322641727829216,
            "min": -0.43365127135869824,
            "max": 0.05407785023289992,
            "count": 32
        },
        "SeeTarget.Environment.CumulativeReward.sum": {
            "value": 8.463000347248453,
            "min": -77.80250089149922,
            "max": 9.129800359733053,
            "count": 32
        },
        "SeeTarget.Policy.ExtrinsicReward.mean": {
            "value": 0.05322641727829216,
            "min": -0.43365127135869824,
            "max": 0.05407785023289992,
            "count": 32
        },
        "SeeTarget.Policy.ExtrinsicReward.sum": {
            "value": 8.463000347248453,
            "min": -77.80250089149922,
            "max": 9.129800359733053,
            "count": 32
        },
        "SeeTarget.IsTraining.mean": {
            "value": 1.0,
            "min": 1.0,
            "max": 1.0,
            "count": 32
        },
        "SeeTarget.IsTraining.sum": {
            "value": 1.0,
            "min": 1.0,
            "max": 1.0,
            "count": 32
        },
        "SeeTarget.Losses.PolicyLoss.mean": {
            "value": 0.02443890804424882,
            "min": 0.019609051942825317,
            "max": 0.030332918573791782,
            "count": 31
        },
        "SeeTarget.Losses.PolicyLoss.sum": {
            "value": 0.02443890804424882,
            "min": 0.019609051942825317,
            "max": 0.030332918573791782,
            "count": 31
        },
        "SeeTarget.Losses.ValueLoss.mean": {
            "value": 5.575101337550829e-05,
            "min": 5.575101337550829e-05,
            "max": 0.03082380344470342,
            "count": 31
        },
        "SeeTarget.Losses.ValueLoss.sum": {
            "value": 5.575101337550829e-05,
            "min": 5.575101337550829e-05,
            "max": 0.03082380344470342,
            "count": 31
        },
        "SeeTarget.Policy.LearningRate.mean": {
            "value": 0.0002522388159204,
            "min": 0.0002522388159204,
            "max": 0.00029845515051495005,
            "count": 31
        },
        "SeeTarget.Policy.LearningRate.sum": {
            "value": 0.0002522388159204,
            "min": 0.0002522388159204,
            "max": 0.00029845515051495005,
            "count": 31
        },
        "SeeTarget.Policy.Epsilon.mean": {
            "value": 0.1840796000000001,
            "min": 0.1840796000000001,
            "max": 0.19948504999999994,
            "count": 31
        },
        "SeeTarget.Policy.Epsilon.sum": {
            "value": 0.1840796000000001,
            "min": 0.1840796000000001,
            "max": 0.19948504999999994,
            "count": 31
        },
        "SeeTarget.Policy.Beta.mean": {
            "value": 0.00042199004000000013,
            "min": 0.00042199004000000013,
            "max": 0.0004974767449999999,
            "count": 31
        },
        "SeeTarget.Policy.Beta.sum": {
            "value": 0.00042199004000000013,
            "min": 0.00042199004000000013,
            "max": 0.0004974767449999999,
            "count": 31
        }
    },
    "metadata": {
        "timer_format_version": "0.1.0",
        "start_time_seconds": "1747098517",
        "python_version": "3.10.12 | packaged by Anaconda, Inc. | (main, Jul  5 2023, 19:01:18) [MSC v.1916 64 bit (AMD64)]",
        "command_line_arguments": "C:\\Users\\trist\\anaconda3\\envs\\mlagents\\Scripts\\mlagents-learn .\\Config\\trainingConfigNC.yaml --run-id SeeTarget_01 --torch-device cuda",
        "mlagents_version": "1.1.0",
        "mlagents_envs_version": "1.1.0",
        "communication_protocol_version": "1.5.0",
        "pytorch_version": "2.6.0+cu126",
        "numpy_version": "1.23.5",
        "end_time_seconds": "1747099182"
    },
    "total": 664.7359979999997,
    "count": 1,
    "self": 0.011752699998851313,
    "children": {
        "run_training.setup": {
            "total": 0.10001350000038656,
            "count": 1,
            "self": 0.10001350000038656
        },
        "TrainerController.start_learning": {
            "total": 664.6242318000004,
            "count": 1,
            "self": 0.8093314999023278,
            "children": {
                "TrainerController._reset_env": {
                    "total": 9.444411200000104,
                    "count": 1,
                    "self": 9.444411200000104
                },
                "TrainerController.advance": {
                    "total": 654.1879626000982,
                    "count": 38966,
                    "self": 0.7519139001005897,
                    "children": {
                        "env_step": {
                            "total": 558.8650757000032,
                            "count": 38966,
                            "self": 456.28705360000595,
                            "children": {
                                "SubprocessEnvManager._take_step": {
                                    "total": 102.09976359994471,
                                    "count": 38966,
                                    "self": 2.208306099968013,
                                    "children": {
                                        "TorchPolicy.evaluate": {
                                            "total": 99.8914574999767,
                                            "count": 35667,
                                            "self": 99.8914574999767
                                        }
                                    }
                                },
                                "workers": {
                                    "total": 0.47825850005256143,
                                    "count": 38965,
                                    "self": 0.0,
                                    "children": {
                                        "worker_root": {
                                            "total": 652.5270837999301,
                                            "count": 38965,
                                            "is_parallel": true,
                                            "self": 242.92588369994564,
                                            "children": {
                                                "steps_from_proto": {
                                                    "total": 0.0003468999998403888,
                                                    "count": 1,