{
    "name": "root",
    "gauges": {
        "EnemyNPC.Policy.Entropy.mean": {
            "value": 0.28971773386001587,
            "min": 0.28125613927841187,
            "max": 0.33945387601852417,
            "count": 13
        },
        "EnemyNPC.Policy.Entropy.sum": {
            "value": 2896.30810546875,
            "min": 2063.879638671875,
            "max": 3268.35693359375,
            "count": 13
        },
        "EnemyNPC.Environment.EpisodeLength.mean": {
            "value": 38.0859375,
            "min": 34.60144927536232,
            "max": 55.89655172413793,
            "count": 13
        },
        "EnemyNPC.Environment.EpisodeLength.sum": {
            "value": 9750.0,
            "min": 5705.0,
            "max": 10081.0,
            "count": 13
        },
        "EnemyNPC.Step.mean": {
            "value": 309998.0,
            "min": 189988.0,
            "max": 309998.0,
            "count": 13
        },
        "EnemyNPC.Step.sum": {
            "value": 309998.0,
            "min": 189988.0,
            "max": 309998.0,
            "count": 13
        },
        "EnemyNPC.Policy.ExtrinsicValueEstimate.mean": {
            "value": 0.7461471557617188,
            "min": 0.5258424878120422,
            "max": 0.7510467767715454,
            "count": 13
        },
        "EnemyNPC.Policy.ExtrinsicValueEstimate.sum": {
            "value": 220.1134033203125,
            "min": 79.87322998046875,
            "max": 226.24208068847656,
            "count": 13
        },
        "EnemyNPC.Environment.CumulativeReward.mean": {
            "value": 0.9322773430239408,
            "min": 0.6117219040825841,
            "max": 0.9322773430239408,
            "count": 13
        },
        "EnemyNPC.Environment.CumulativeReward.sum": {
            "value": 238.66299981412885,
            "min": 64.23079992867133,
            "max": 251.4902001950104,
            "count": 13
        },
        "EnemyNPC.Policy.ExtrinsicReward.mean": {
            "value": 0.9322773430239408,
            "min": 0.6117219040825841,
            "max": 0.9322773430239408,
            "count": 13
        },
        "EnemyNPC.Policy.ExtrinsicReward.sum": {
            "value": 238.66299981412885,
            "min": 64.23079992867133,
            "max": 251.4902001950104,
            "count": 13
        },
        "EnemyNPC.IsTraining.mean": {
            "value": 1.0,
            "min": 1.0,
            "max": 1.0,
            "count": 13
        },
        "EnemyNPC.IsTraining.sum": {
            "value": 1.0,
            "min": 1.0,
            "max": 1.0,
            "count": 13
        },
        "EnemyNPC.Losses.PolicyLoss.mean": {
            "value": 0.03289030097424984,
            "min": 0.03189393272157758,
            "max": 0.0373638624837622,
            "count": 12
        },
        "EnemyNPC.Losses.PolicyLoss.sum": {
            "value": 0.03289030097424984,
            "min": 0.03189393272157758,
            "max": 0.0373638624837622,
            "count": 12
        },
        "EnemyNPC.Losses.ValueLoss.mean": {
            "value": 0.01737226185388863,
            "min": 0.01737226185388863,
            "max": 0.036173901315778495,
            "count": 12
        },
        "EnemyNPC.Losses.ValueLoss.sum": {
            "value": 0.01737226185388863,
            "min": 0.01737226185388863,
            "max": 0.036173901315778495,
            "count": 12
        },
        "EnemyNPC.Policy.LearningRate.mean": {
            "value": 0.00011555286148240002,
            "min": 0.00011555286148240002,
            "max": 0.00018335943888020008,
            "count": 12
        },
        "EnemyNPC.Policy.LearningRate.sum": {
            "value": 0.00011555286148240002,
            "min": 0.00011555286148240002,
            "max": 0.00018335943888020008,
            "count": 12
        },
        "EnemyNPC.Policy.Epsilon.mean": {
            "value": 0.17703519999999995,
            "min": 0.17703519999999995,
            "max": 0.22223960000000006,
            "count": 12
        },
        "EnemyNPC.Policy.Epsilon.sum": {
            "value": 0.17703519999999995,
            "min": 0.17703519999999995,
            "max": 0.22223960000000006,
            "count": 12
        },
        "EnemyNPC.Policy.Beta.mean": {
            "value": 0.00019873624000000002,
            "min": 0.00019873624000000002,
            "max": 0.00030948702000000003,
            "count": 12
        },
        "EnemyNPC.Policy.Beta.sum": {
            "value": 0.00019873624000000002,
            "min": 0.00019873624000000002,
            "max": 0.00030948702000000003,
            "count": 12
        }
    },
    "metadata": {
        "timer_format_version": "0.1.0",
        "start_time_seconds": "1747915511",
        "python_version": "3.10.12 | packaged by Anaconda, Inc. | (main, Jul  5 2023, 19:01:18) [MSC v.1916 64 bit (AMD64)]",
        "command_line_arguments": "C:\\Users\\trist\\anaconda3\\envs\\mlagents\\Scripts\\mlagents-learn .\\Config\\trainingConfig.yaml --env=C:\\Users\\trist\\Documents\\Crypt-SeeTraining --run-id EnemyNPCModel_02 --num-envs 6 --resume",
        "mlagents_version": "1.1.0",
        "mlagents_envs_version": "1.1.0",
        "communication_protocol_version": "1.5.0",
        "pytorch_version": "2.6.0+cu126",
        "numpy_version": "1.23.5",
        "end_time_seconds": "1747916371"
    },
    "total": 859.184517499998,
    "count": 1,
    "self": 0.22989339999912772,
    "children": {
        "run_training.setup": {
            "total": 0.5087375000002794,
            "count": 1,
            "self": 0.5087375000002794
        },
        "TrainerController.start_learning": {
            "total": 858.4458865999986,
            "count": 1,
            "self": 0.8930939999190741,
            "children": {
                "TrainerController._reset_env": {
                    "total": 9.58853470000031,
                    "count": 1,
                    "self": 9.58853470000031
                },
                "TrainerController.advance": {
                    "total": 847.6929466000802,
                    "count": 27032,
                    "self": 0.5925972003387869,
                    "children": {
                        "env_step": {
                            "total": 755.416239199556,
                            "count": 27032,
                            "self": 49.871820700391254,
                            "children": {
                                "SubprocessEnvManager._take_step": {
                                    "total": 704.5582821994394,
                                    "count": 134458,
                                    "self": 8.065038598033425,
                                    "children": {
                                        "TorchPolicy.evaluate": {
                                            "total": 696.493243601406,
                                            "count": 132139,
                                            "self": 696.493243601406
                                        }
                                    }
                                },
                                "workers": {
                                    "total": 0.9861362997253309,
                                    "count": 27031,
                                    "self": 0.0,
                                    "children": {
                                        "worker_root": {
                                            "total": 5098.782745400364,
                                            "count": 134456,
                                            "is_parallel": true,
                                            "self": 4737.170129400598,
                                            "children": {
                                                "steps_from_proto": {
                                                    "total": 0.0030239000043366104,