{
    "name": "root",
    "gauges": {
        "SeeTarget.Policy.Entropy.mean": {
            "value": 1.3337222337722778,
            "min": 1.3336173295974731,
            "max": 1.3776029348373413,
            "count": 60
        },
        "SeeTarget.Policy.Entropy.sum": {
            "value": 13407.9091796875,
            "min": 13214.814453125,
            "max": 14022.6201171875,
            "count": 60
        },
        "SeeTarget.Environment.EpisodeLength.mean": {
            "value": 19.89016018306636,
            "min": 19.89016018306636,
            "max": 33.337704918032784,
            "count": 60
        },
        "SeeTarget.Environment.EpisodeLength.sum": {
            "value": 8692.0,
            "min": 8196.0,
            "max": 10834.0,
            "count": 60
        },
        "SeeTarget.Step.mean": {
            "value": 599999.0,
            "min": 9973.0,
            "max": 599999.0,
            "count": 60
        },
        "SeeTarget.Step.sum": {
            "value": 599999.0,
            "min": 9973.0,
            "max": 599999.0,
            "count": 60
        },
        "SeeTarget.Policy.ExtrinsicValueEstimate.mean": {
            "value": 0.04553978890180588,
            "min": -0.00943074095994234,
            "max": 0.04563204199075699,
            "count": 60
        },
        "SeeTarget.Policy.ExtrinsicValueEstimate.sum": {
            "value": 20.720603942871094,
            "min": -3.2724671363830566,
            "max": 21.05536651611328,
            "count": 60
        },
        "SeeTarget.Environment.CumulativeReward.mean": {
            "value": 0.05151281560058157,
            "min": 0.04512307780409347,
            "max": 0.05275883870046404,
            "count": 60
        },
        "SeeTarget.Environment.CumulativeReward.sum": {
            "value": 22.511100417454145,
            "min": 15.502500335591321,
            "max": 23.400800449075177,
            "count": 60
        },
        "SeeTarget.Policy.ExtrinsicReward.mean": {
            "value": 0.05151281560058157,
            "min": 0.04512307780409347,
            "max": 0.05275883870046404,
            "count": 60
        },
        "SeeTarget.Policy.ExtrinsicReward.sum": {
            "value": 22.511100417454145,
            "min": 15.502500335591321,
            "max": 23.400800449075177,
            "count": 60
        },
        "SeeTarget.IsTraining.mean": {
            "value": 1.0,
            "min": 1.0,
            "max": 1.0,
            "count": 60
        },
        "SeeTarget.IsTraining.sum": {
            "value": 1.0,
            "min": 1.0,
            "max": 1.0,
            "count": 60
        },
        "SeeTarget.Losses.PolicyLoss.mean": {
            "value": 0.02175828139297664,
            "min": 0.017540748169024786,
            "max": 0.031113055596748988,
            "count": 58
        },
        "SeeTarget.Losses.PolicyLoss.sum": {
            "value": 0.02175828139297664,
            "min": 0.017540748169024786,
            "max": 0.031113055596748988,
            "count": 58
        },
        "SeeTarget.Losses.ValueLoss.mean": {
            "value": 0.00046460616916495684,
            "min": 2.798686879638505e-05,
            "max": 0.002077176608145237,
            "count": 58
        },
        "SeeTarget.Losses.ValueLoss.sum": {
            "value": 0.00046460616916495684,
            "min": 2.798686879638505e-05,
            "max": 0.002077176608145237,
            "count": 58
        },
        "SeeTarget.Policy.LearningRate.mean": {
            "value": 0.00021069302976900003,
            "min": 0.00021069302976900003,
            "max": 0.00029846280051239996,
            "count": 58
        },
        "SeeTarget.Policy.LearningRate.sum": {
            "value": 0.00021069302976900003,
            "min": 0.00021069302976900003,
            "max": 0.00029846280051239996,
            "count": 58
        },
        "SeeTarget.Policy.Epsilon.mean": {
            "value": 0.17023100000000008,
            "min": 0.17023100000000008,
            "max": 0.19948760000000007,
            "count": 58
        },
        "SeeTarget.Policy.Epsilon.sum": {
            "value": 0.17023100000000008,
            "min": 0.17023100000000008,
            "max": 0.19948760000000007,
            "count": 58
        },
        "SeeTarget.Policy.Beta.mean": {
            "value": 0.00035413190000000013,
            "min": 0.00035413190000000013,
            "max": 0.0004974892399999998,
            "count": 58
        },
        "SeeTarget.Policy.Beta.sum": {
            "value": 0.00035413190000000013,
            "min": 0.00035413190000000013,
            "max": 0.0004974892399999998,
            "count": 58
        }
    },
    "metadata": {
        "timer_format_version": "0.1.0",
        "start_time_seconds": "1747100179",
        "python_version": "3.10.12 | packaged by Anaconda, Inc. | (main, Jul  5 2023, 19:01:18) [MSC v.1916 64 bit (AMD64)]",
        "command_line_arguments": "C:\\Users\\trist\\anaconda3\\envs\\mlagents\\Scripts\\mlagents-learn .\\Config\\trainingConfigNC.yaml --run-id FillTensionModel_01 --torch-device cuda --initialize-from SeeTarget_01",
        "mlagents_version": "1.1.0",
        "mlagents_envs_version": "1.1.0",
        "communication_protocol_version": "1.5.0",
        "pytorch_version": "2.6.0+cu126",
        "numpy_version": "1.23.5",
        "end_time_seconds": "1747101478"
    },
    "total": 1299.1100139,
    "count": 1,
    "self": 0.007696200000282261,
    "children": {
        "run_training.setup": {
            "total": 0.10736309999992955,
            "count": 1,
            "self": 0.10736309999992955
        },
        "TrainerController.start_learning": {
            "total": 1298.9949545999998,
            "count": 1,
            "self": 1.7267466999464887,
            "children": {
                "TrainerController._reset_env": {
                    "total": 14.415449099999933,
                    "count": 1,
                    "self": 14.415449099999933
                },
                "TrainerController.advance": {
                    "total": 1282.7578118000529,
                    "count": 81649,
                    "self": 1.536452600267694,
                    "children": {
                        "env_step": {
                            "total": 1050.6421710999575,
                            "count": 81649,
                            "self": 853.7349942997853,
                            "children": {
                                "SubprocessEnvManager._take_step": {
                                    "total": 195.9249442000728,
                                    "count": 81649,
                                    "self": 3.9942507001724152,
                                    "children": {
                                        "TorchPolicy.evaluate": {
                                            "total": 191.93069349990037,
                                            "count": 67347,
                                            "self": 191.93069349990037
                                        }
                                    }
                                },
                                "workers": {
                                    "total": 0.9822326000994508,
                                    "count": 81648,
                                    "self": 0.0,
                                    "children": {
                                        "worker_root": {
                                            "total": 1221.129812000062,
                                            "count": 81648,
                                            "is_parallel": true,
                                            "self": 517.9336619999513,
                                            "children": {
                                                "steps_from_proto": {
                                                    "total": 0.0003108000000793254,