{
    "name": "root",
    "gauges": {
        "ExploreAgent.Policy.Entropy.mean": {
            "value": 1.3879097700119019,
            "min": 1.3879097700119019,
            "max": 1.4189382791519165,
            "count": 15
        },
        "ExploreAgent.Policy.Entropy.sum": {
            "value": 14127.533203125,
            "min": 13728.0859375,
            "max": 14468.9140625,
            "count": 15
        },
        "ExploreAgent.Environment.LessonNumber.difficulty.mean": {
            "value": 2.0,
            "min": 0.0,
            "max": 2.0,
            "count": 15
        },
        "ExploreAgent.Environment.LessonNumber.difficulty.sum": {
            "value": 2.0,
            "min": 0.0,
            "max": 2.0,
            "count": 15
        },
        "ExploreAgent.Environment.EpisodeLength.mean": {
            "value": 137.76388888888889,
            "min": 30.093167701863354,
            "max": 137.76388888888889,
            "count": 15
        },
        "ExploreAgent.Environment.EpisodeLength.sum": {
            "value": 9919.0,
            "min": 8929.0,
            "max": 10615.0,
            "count": 15
        },
        "ExploreAgent.Step.mean": {
            "value": 149997.0,
            "min": 9958.0,
            "max": 149997.0,
            "count": 15
        },
        "ExploreAgent.Step.sum": {
            "value": 149997.0,
            "min": 9958.0,
            "max": 149997.0,
            "count": 15
        },
        "ExploreAgent.Policy.ExtrinsicValueEstimate.mean": {
            "value": 0.006621380336582661,
            "min": -0.20676971971988678,
            "max": 0.21070963144302368,
            "count": 15
        },
        "ExploreAgent.Policy.ExtrinsicValueEstimate.sum": {
            "value": 1.3044118881225586,
            "min": -46.52318572998047,
            "max": 63.212890625,
            "count": 15
        },
        "ExploreAgent.Environment.CumulativeReward.mean": {
            "value": 0.5049055571046969,
            "min": -1.2786652425473386,
            "max": 0.5049055571046969,
            "count": 15
        },
        "ExploreAgent.Environment.CumulativeReward.sum": {
            "value": 36.35320011153817,
            "min": -225.0450826883316,
            "max": 154.0700033903122,
            "count": 15
        },
        "ExploreAgent.Policy.ExtrinsicReward.mean": {
            "value": 0.5049055571046969,
            "min": -1.2786652425473386,
            "max": 0.5049055571046969,
            "count": 15
        },
        "ExploreAgent.Policy.ExtrinsicReward.sum": {
            "value": 36.35320011153817,
            "min": -225.0450826883316,
            "max": 154.0700033903122,
            "count": 15
        },
        "ExploreAgent.IsTraining.mean": {
            "value": 1.0,
            "min": 1.0,
            "max": 1.0,
            "count": 15
        },
        "ExploreAgent.IsTraining.sum": {
            "value": 1.0,
            "min": 1.0,
            "max": 1.0,
            "count": 15
        },
        "ExploreAgent.Losses.PolicyLoss.mean": {
            "value": 0.024620047522087893,
            "min": 0.015021017178272207,
            "max": 0.034174023165057105,
            "count": 14
        },
        "ExploreAgent.Losses.PolicyLoss.sum": {
            "value": 0.024620047522087893,
            "min": 0.015021017178272207,
            "max": 0.034174023165057105,
            "count": 14
        },
        "ExploreAgent.Losses.ValueLoss.mean": {
            "value": 0.022392835964759192,
            "min": 0.022392835964759192,
            "max": 0.08770530025164286,
            "count": 14
        },
        "ExploreAgent.Losses.ValueLoss.sum": {
            "value": 0.022392835964759192,
            "min": 0.022392835964759192,
            "max": 0.08770530025164286,
            "count": 14
        },
        "ExploreAgent.Policy.LearningRate.mean": {
            "value": 0.0002784244571918499,
            "min": 0.0002784244571918499,
            "max": 0.0002984616005127999,
            "count": 14
        },
        "ExploreAgent.Policy.LearningRate.sum": {
            "value": 0.0002784244571918499,
            "min": 0.0002784244571918499,
            "max": 0.0002984616005127999,
            "count": 14
        },
        "ExploreAgent.Policy.Epsilon.mean": {
            "value": 0.19280815000000004,
            "min": 0.19280815000000004,
            "max": 0.19948720000000003,
            "count": 14
        },
        "ExploreAgent.Policy.Epsilon.sum": {
            "value": 0.19280815000000004,
            "min": 0.19280815000000004,
            "max": 0.19948720000000003,
            "count": 14
        },
        "ExploreAgent.Policy.Beta.mean": {
            "value": 0.0004647599349999999,
            "min": 0.0004647599349999999,
            "max": 0.00049748728,
            "count": 14
        },
        "ExploreAgent.Policy.Beta.sum": {
            "value": 0.0004647599349999999,
            "min": 0.0004647599349999999,
            "max": 0.00049748728,
            "count": 14
        }
    },
    "metadata": {
        "timer_format_version": "0.1.0",
        "start_time_seconds": "1744622568",
        "python_version": "3.10.12 | packaged by Anaconda, Inc. | (main, Jul  5 2023, 19:01:18) [MSC v.1916 64 bit (AMD64)]",
        "command_line_arguments": "C:\\Users\\trist\\anaconda3\\envs\\mlagents\\Scripts\\mlagents-learn .\\config\\trainingConfig.yaml --run-id ExploreAgents_03 --torch-device cuda",
        "mlagents_version": "1.1.0",
        "mlagents_envs_version": "1.1.0",
        "communication_protocol_version": "1.5.0",
        "pytorch_version": "2.6.0+cu126",
        "numpy_version": "1.23.5",
        "end_time_seconds": "1744623018"
    },
    "total": 450.15301569999974,
    "count": 1,
    "self": 0.016662599999108352,
    "children": {
        "run_training.setup": {
            "total": 0.13107900000068184,
            "count": 1,
            "self": 0.13107900000068184
        },
        "TrainerController.start_learning": {
            "total": 450.00527409999995,
            "count": 1,
            "self": 0.7653407000798325,
            "children": {
                "TrainerController._reset_env": {
                    "total": 9.878498500000205,
                    "count": 1,
                    "self": 9.878498500000205
                },
                "TrainerController.advance": {
                    "total": 439.18412259991965,
                    "count": 19094,
                    "self": 0.6079033997557417,
                    "children": {
                        "env_step": {
                            "total": 381.76596860010613,
                            "count": 19094,
                            "self": 326.5212791002341,
                            "children": {
                                "SubprocessEnvManager._take_step": {
                                    "total": 55.01229579979372,
                                    "count": 19094,
                                    "self": 1.034293299924684,
                                    "children": {
                                        "TorchPolicy.evaluate": {
                                            "total": 53.978002499869035,
                                            "count": 16977,
                                            "self": 53.978002499869035
                                        }
                                    }
                                },
                                "workers": {
                                    "total": 0.23239370007831894,
                                    "count": 19093,
                                    "self": 0.0,
                                    "children": {
                                        "worker_root": {
                                            "total": 378.12356039983024,
                                            "count": 19093,