{
    "name": "root",
    "gauges": {
        "ExploreAgent.Policy.Entropy.mean": {
            "value": 1.3790534734725952,
            "min": 1.3790534734725952,
            "max": 1.4189382791519165,
            "count": 15
        },
        "ExploreAgent.Policy.Entropy.sum": {
            "value": 13813.978515625,
            "min": 13737.0439453125,
            "max": 14430.6025390625,
            "count": 15
        },
        "ExploreAgent.Environment.LessonNumber.difficulty.mean": {
            "value": 2.0,
            "min": 0.0,
            "max": 2.0,
            "count": 15
        },
        "ExploreAgent.Environment.LessonNumber.difficulty.sum": {
            "value": 2.0,
            "min": 0.0,
            "max": 2.0,
            "count": 15
        },
        "ExploreAgent.Environment.EpisodeLength.mean": {
            "value": 503.76190476190476,
            "min": 47.51980198019802,
            "max": 503.76190476190476,
            "count": 15
        },
        "ExploreAgent.Environment.EpisodeLength.sum": {
            "value": 10579.0,
            "min": 8637.0,
            "max": 10825.0,
            "count": 15
        },
        "ExploreAgent.Step.mean": {
            "value": 149942.0,
            "min": 9946.0,
            "max": 149942.0,
            "count": 15
        },
        "ExploreAgent.Step.sum": {
            "value": 149942.0,
            "min": 9946.0,
            "max": 149942.0,
            "count": 15
        },
        "ExploreAgent.Policy.ExtrinsicValueEstimate.mean": {
            "value": 1.2240197658538818,
            "min": 0.030172277241945267,
            "max": 1.2240197658538818,
            "count": 15
        },
        "ExploreAgent.Policy.ExtrinsicValueEstimate.sum": {
            "value": 206.85934448242188,
            "min": 6.456867218017578,
            "max": 206.85934448242188,
            "count": 15
        },
        "ExploreAgent.Environment.CumulativeReward.mean": {
            "value": 8.374528662711825,
            "min": 0.5499482503069113,
            "max": 8.374528662711825,
            "count": 15
        },
        "ExploreAgent.Environment.CumulativeReward.sum": {
            "value": 175.86510191694833,
            "min": 49.80329470576362,
            "max": 262.23757442831993,
            "count": 15
        },
        "ExploreAgent.Policy.ExtrinsicReward.mean": {
            "value": 8.374528662711825,
            "min": 0.5499482503069113,
            "max": 8.374528662711825,
            "count": 15
        },
        "ExploreAgent.Policy.ExtrinsicReward.sum": {
            "value": 175.86510191694833,
            "min": 49.80329470576362,
            "max": 262.23757442831993,
            "count": 15
        },
        "ExploreAgent.IsTraining.mean": {
            "value": 1.0,
            "min": 1.0,
            "max": 1.0,
            "count": 15
        },
        "ExploreAgent.IsTraining.sum": {
            "value": 1.0,
            "min": 1.0,
            "max": 1.0,
            "count": 15
        },
        "ExploreAgent.Losses.PolicyLoss.mean": {
            "value": 0.021927189920097588,
            "min": 0.017339133517816664,
            "max": 0.028233659748608867,
            "count": 14
        },
        "ExploreAgent.Losses.PolicyLoss.sum": {
            "value": 0.021927189920097588,
            "min": 0.017339133517816664,
            "max": 0.028233659748608867,
            "count": 14
        },
        "ExploreAgent.Losses.ValueLoss.mean": {
            "value": 0.022449858921269574,
            "min": 0.013518655393272638,
            "max": 0.06180816317598025,
            "count": 14
        },
        "ExploreAgent.Losses.ValueLoss.sum": {
            "value": 0.022449858921269574,
            "min": 0.013518655393272638,
            "max": 0.06180816317598025,
            "count": 14
        },
        "ExploreAgent.Policy.LearningRate.mean": {
            "value": 0.0002784213071928999,
            "min": 0.0002784213071928999,
            "max": 0.0002984595005134999,
            "count": 14
        },
        "ExploreAgent.Policy.LearningRate.sum": {
            "value": 0.0002784213071928999,
            "min": 0.0002784213071928999,
            "max": 0.0002984595005134999,
            "count": 14
        },
        "ExploreAgent.Policy.Epsilon.mean": {
            "value": 0.19280709999999993,
            "min": 0.19280709999999993,
            "max": 0.19948649999999998,
            "count": 14
        },
        "ExploreAgent.Policy.Epsilon.sum": {
            "value": 0.19280709999999993,
            "min": 0.19280709999999993,
            "max": 0.19948649999999998,
            "count": 14
        },
        "ExploreAgent.Policy.Beta.mean": {
            "value": 0.0004647547900000001,
            "min": 0.0004647547900000001,
            "max": 0.0004974838500000002,
            "count": 14
        },
        "ExploreAgent.Policy.Beta.sum": {
            "value": 0.0004647547900000001,
            "min": 0.0004647547900000001,
            "max": 0.0004974838500000002,
            "count": 14
        }
    },
    "metadata": {
        "timer_format_version": "0.1.0",
        "start_time_seconds": "1744622141",
        "python_version": "3.10.12 | packaged by Anaconda, Inc. | (main, Jul  5 2023, 19:01:18) [MSC v.1916 64 bit (AMD64)]",
        "command_line_arguments": "C:\\Users\\trist\\anaconda3\\envs\\mlagents\\Scripts\\mlagents-learn .\\config\\trainingConfig.yaml --run-id ExploreAgents_02 --torch-device cuda",
        "mlagents_version": "1.1.0",
        "mlagents_envs_version": "1.1.0",
        "communication_protocol_version": "1.5.0",
        "pytorch_version": "2.6.0+cu126",
        "numpy_version": "1.23.5",
        "end_time_seconds": "1744622560"
    },
    "total": 419.45100679999996,
    "count": 1,
    "self": 0.01078869999946619,
    "children": {
        "run_training.setup": {
            "total": 0.16036669999994047,
            "count": 1,
            "self": 0.16036669999994047
        },
        "TrainerController.start_learning": {
            "total": 419.27985140000055,
            "count": 1,
            "self": 0.5807119000273815,
            "children": {
                "TrainerController._reset_env": {
                    "total": 10.772266399999353,
                    "count": 1,
                    "self": 10.772266399999353
                },
                "TrainerController.advance": {
                    "total": 406.02519209997445,
                    "count": 18030,
                    "self": 0.6091448001934623,
                    "children": {
                        "env_step": {
                            "total": 351.02043969981605,
                            "count": 18030,
                            "self": 295.65224569982274,
                            "children": {
                                "SubprocessEnvManager._take_step": {
                                    "total": 55.140787500120496,
                                    "count": 18031,
                                    "self": 1.081016600221119,
                                    "children": {
                                        "TorchPolicy.evaluate": {
                                            "total": 54.05977089989938,
                                            "count": 17292,
                                            "self": 54.05977089989938
                                        }
                                    }
                                },
                                "workers": {
                                    "total": 0.22740649987281358,
                                    "count": 18029,
                                    "self": 0.0,
                                    "children": {
                                        "worker_root": {
                                            "total": 386.05528570006754,