{
    "name": "root",
    "gauges": {
        "EnemyNPC.Policy.Entropy.mean": {
            "value": 1.1754872798919678,
            "min": 1.1399139165878296,
            "max": 1.2985576391220093,
            "count": 39
        },
        "EnemyNPC.Policy.Entropy.sum": {
            "value": 11700.80078125,
            "min": 11030.9482421875,
            "max": 13241.392578125,
            "count": 39
        },
        "EnemyNPC.Environment.EpisodeLength.mean": {
            "value": 220.72727272727272,
            "min": 101.21333333333334,
            "max": 305.42424242424244,
            "count": 39
        },
        "EnemyNPC.Environment.EpisodeLength.sum": {
            "value": 9712.0,
            "min": 7591.0,
            "max": 10993.0,
            "count": 39
        },
        "EnemyNPC.Step.mean": {
            "value": 499989.0,
            "min": 119996.0,
            "max": 499989.0,
            "count": 39
        },
        "EnemyNPC.Step.sum": {
            "value": 499989.0,
            "min": 119996.0,
            "max": 499989.0,
            "count": 39
        },
        "EnemyNPC.Policy.ExtrinsicValueEstimate.mean": {
            "value": 0.20417286455631256,
            "min": 0.07559679448604584,
            "max": 0.28832608461380005,
            "count": 39
        },
        "EnemyNPC.Policy.ExtrinsicValueEstimate.sum": {
            "value": 37.159461975097656,
            "min": 13.380632400512695,
            "max": 49.59208679199219,
            "count": 39
        },
        "EnemyNPC.Environment.CumulativeReward.mean": {
            "value": 0.3894410444323016,
            "min": -0.18977024424045036,
            "max": 0.7021915977957713,
            "count": 39
        },
        "EnemyNPC.Environment.CumulativeReward.sum": {
            "value": 17.13540595502127,
            "min": -14.232768318033777,
            "max": 35.81177148758434,
            "count": 39
        },
        "EnemyNPC.Policy.ExtrinsicReward.mean": {
            "value": 0.3894410444323016,
            "min": -0.18977024424045036,
            "max": 0.7021915977957713,
            "count": 39
        },
        "EnemyNPC.Policy.ExtrinsicReward.sum": {
            "value": 17.13540595502127,
            "min": -14.232768318033777,
            "max": 35.81177148758434,
            "count": 39
        },
        "EnemyNPC.IsTraining.mean": {
            "value": 1.0,
            "min": 1.0,
            "max": 1.0,
            "count": 39
        },
        "EnemyNPC.IsTraining.sum": {
            "value": 1.0,
            "min": 1.0,
            "max": 1.0,
            "count": 39
        },
        "EnemyNPC.Losses.PolicyLoss.mean": {
            "value": 0.035062362005313236,
            "min": 0.02817608608553807,
            "max": 0.04535889551043511,
            "count": 37
        },
        "EnemyNPC.Losses.PolicyLoss.sum": {
            "value": 0.035062362005313236,
            "min": 0.02817608608553807,
            "max": 0.04535889551043511,
            "count": 37
        },
        "EnemyNPC.Losses.ValueLoss.mean": {
            "value": 0.012227121825950841,
            "min": 0.005653959016005198,
            "max": 0.028489278132716813,
            "count": 37
        },
        "EnemyNPC.Losses.ValueLoss.sum": {
            "value": 0.012227121825950841,
            "min": 0.005653959016005198,
            "max": 0.028489278132716813,
            "count": 37
        },
        "EnemyNPC.Policy.LearningRate.mean": {
            "value": 5.032898322400004e-06,
            "min": 5.032898322400004e-06,
            "max": 0.00022696562434480007,
            "count": 37
        },
        "EnemyNPC.Policy.LearningRate.sum": {
            "value": 5.032898322400004e-06,
            "min": 5.032898322400004e-06,
            "max": 0.00022696562434480007,
            "count": 37
        },
        "EnemyNPC.Policy.Epsilon.mean": {
            "value": 0.10167760000000005,
            "min": 0.10167760000000005,
            "max": 0.17565519999999998,
            "count": 37
        },
        "EnemyNPC.Policy.Epsilon.sum": {
            "value": 0.10167760000000005,
            "min": 0.10167760000000005,
            "max": 0.17565519999999998,
            "count": 37
        },
        "EnemyNPC.Policy.Beta.mean": {
            "value": 1.8220240000000005e-05,
            "min": 1.8220240000000005e-05,
            "max": 0.00038071048000000007,
            "count": 37
        },
        "EnemyNPC.Policy.Beta.sum": {
            "value": 1.8220240000000005e-05,
            "min": 1.8220240000000005e-05,
            "max": 0.00038071048000000007,
            "count": 37
        }
    },
    "metadata": {
        "timer_format_version": "0.1.0",
        "start_time_seconds": "1747393179",
        "python_version": "3.10.12 | packaged by Anaconda, Inc. | (main, Jul  5 2023, 19:01:18) [MSC v.1916 64 bit (AMD64)]",
        "command_line_arguments": "C:\\Users\\trist\\anaconda3\\envs\\mlagents\\Scripts\\mlagents-learn .\\Config\\trainingConfig.yaml --run-id AgentVisionHearingModel_01 --torch-device cuda --resume",
        "mlagents_version": "1.1.0",
        "mlagents_envs_version": "1.1.0",
        "communication_protocol_version": "1.5.0",
        "pytorch_version": "2.6.0+cu126",
        "numpy_version": "1.23.5",
        "end_time_seconds": "1747394246"
    },
    "total": 1067.1423988000024,
    "count": 1,
    "self": 0.01029230000131065,
    "children": {
        "run_training.setup": {
            "total": 0.10269120000157272,
            "count": 1,
            "self": 0.10269120000157272
        },
        "TrainerController.start_learning": {
            "total": 1067.0294152999995,
            "count": 1,
            "self": 0.9064626002582372,
            "children": {
                "TrainerController._reset_env": {
                    "total": 10.786848499999905,
                    "count": 1,
                    "self": 10.786848499999905
                },
                "TrainerController.advance": {
                    "total": 1055.2404352997473,
                    "count": 44545,
                    "self": 0.8499605983306537,
                    "children": {
                        "env_step": {
                            "total": 907.2571200004968,
                            "count": 44545,
                            "self": 699.7399022011887,
                            "children": {
                                "SubprocessEnvManager._take_step": {
                                    "total": 206.97756190015207,
                                    "count": 44546,
                                    "self": 2.368513700494077,
                                    "children": {
                                        "TorchPolicy.evaluate": {
                                            "total": 204.609048199658,
                                            "count": 43224,
                                            "self": 204.609048199658
                                        }
                                    }
                                },
                                "workers": {
                                    "total": 0.5396558991560596,
                                    "count": 44545,
                                    "self": 0.0,
                                    "children": {
                                        "worker_root": {
                                            "total": 1032.5902436007673,
                                            "count": 44545,
                                            "is_parallel": true,
                                            "self": 410.0142529010409,
                                            "children": {
                                                "steps_from_proto": {
                                                    "total": 0.001073999999789521,
                                                    "count": 2,