{
    "name": "root",
    "gauges": {
        "ExploreAgent.Policy.Entropy.mean": {
            "value": 1.3397866487503052,
            "min": 1.3397866487503052,
            "max": 1.3693773746490479,
            "count": 20
        },
        "ExploreAgent.Policy.Entropy.sum": {
            "value": 13360.3525390625,
            "min": 1577.522705078125,
            "max": 13757.375,
            "count": 20
        },
        "ExploreAgent.Environment.EpisodeLength.mean": {
            "value": 840.9090909090909,
            "min": 18.0,
            "max": 965.9,
            "count": 20
        },
        "ExploreAgent.Environment.EpisodeLength.sum": {
            "value": 9250.0,
            "min": 36.0,
            "max": 11808.0,
            "count": 20
        },
        "ExploreAgent.Step.mean": {
            "value": 339940.0,
            "min": 149996.0,
            "max": 339940.0,
            "count": 20
        },
        "ExploreAgent.Step.sum": {
            "value": 339940.0,
            "min": 149996.0,
            "max": 339940.0,
            "count": 20
        },
        "ExploreAgent.Policy.ExtrinsicValueEstimate.mean": {
            "value": 0.9770811796188354,
            "min": 0.14836159348487854,
            "max": 1.1870824098587036,
            "count": 20
        },
        "ExploreAgent.Policy.ExtrinsicValueEstimate.sum": {
            "value": 156.33299255371094,
            "min": 1.7803391218185425,
            "max": 193.4944305419922,
            "count": 20
        },
        "ExploreAgent.Environment.CumulativeReward.mean": {
            "value": 12.129497639443303,
            "min": -0.48649999499320984,
            "max": 12.129497639443303,
            "count": 20
        },
        "ExploreAgent.Environment.CumulativeReward.sum": {
            "value": 133.42447403387632,
            "min": -0.9729999899864197,
            "max": 158.046652009245,
            "count": 20
        },
        "ExploreAgent.Policy.ExtrinsicReward.mean": {
            "value": 12.129497639443303,
            "min": -0.48649999499320984,
            "max": 12.129497639443303,
            "count": 20
        },
        "ExploreAgent.Policy.ExtrinsicReward.sum": {
            "value": 133.42447403387632,
            "min": -0.9729999899864197,
            "max": 158.046652009245,
            "count": 20
        },
        "ExploreAgent.IsTraining.mean": {
            "value": 1.0,
            "min": 1.0,
            "max": 1.0,
            "count": 20
        },
        "ExploreAgent.IsTraining.sum": {
            "value": 1.0,
            "min": 1.0,
            "max": 1.0,
            "count": 20
        },
        "ExploreAgent.Losses.PolicyLoss.mean": {
            "value": 0.024824645339200892,
            "min": 0.017678775312379002,
            "max": 0.028052546611676613,
            "count": 18
        },
        "ExploreAgent.Losses.PolicyLoss.sum": {
            "value": 0.024824645339200892,
            "min": 0.017678775312379002,
            "max": 0.028052546611676613,
            "count": 18
        },
        "ExploreAgent.Losses.ValueLoss.mean": {
            "value": 0.04750233938296636,
            "min": 0.03052939592550198,
            "max": 0.06283087482055029,
            "count": 18
        },
        "ExploreAgent.Losses.ValueLoss.sum": {
            "value": 0.04750233938296636,
            "min": 0.03052939592550198,
            "max": 0.06283087482055029,
            "count": 18
        },
        "ExploreAgent.Policy.LearningRate.mean": {
            "value": 0.00024985141671620006,
            "min": 0.00024985141671620006,
            "max": 0.00027606015797995004,
            "count": 18
        },
        "ExploreAgent.Policy.LearningRate.sum": {
            "value": 0.00024985141671620006,
            "min": 0.00024985141671620006,
            "max": 0.00027606015797995004,
            "count": 18
        },
        "ExploreAgent.Policy.Epsilon.mean": {
            "value": 0.18328379999999997,
            "min": 0.18328379999999997,
            "max": 0.19202005,
            "count": 18
        },
        "ExploreAgent.Policy.Epsilon.sum": {
            "value": 0.18328379999999997,
            "min": 0.18328379999999997,
            "max": 0.19202005,
            "count": 18
        },
        "ExploreAgent.Policy.Beta.mean": {
            "value": 0.0004180906200000001,
            "min": 0.0004180906200000001,
            "max": 0.0004608982450000001,
            "count": 18
        },
        "ExploreAgent.Policy.Beta.sum": {
            "value": 0.0004180906200000001,
            "min": 0.0004180906200000001,
            "max": 0.0004608982450000001,
            "count": 18
        }
    },
    "metadata": {
        "timer_format_version": "0.1.0",
        "start_time_seconds": "1745056621",
        "python_version": "3.10.12 | packaged by Anaconda, Inc. | (main, Jul  5 2023, 19:01:18) [MSC v.1916 64 bit (AMD64)]",
        "command_line_arguments": "C:\\Users\\trist\\anaconda3\\envs\\mlagents\\Scripts\\mlagents-learn .\\Config\\trainingConfigNC.yaml --run-id AgentsV1_21 --torch-device cuda --resume",
        "mlagents_version": "1.1.0",
        "mlagents_envs_version": "1.1.0",
        "communication_protocol_version": "1.5.0",
        "pytorch_version": "2.6.0+cu126",
        "numpy_version": "1.23.5",
        "end_time_seconds": "1745057482"
    },
    "total": 860.9582857000023,
    "count": 1,
    "self": 0.011390000003302703,
    "children": {
        "run_training.setup": {
            "total": 0.14472680000108085,
            "count": 1,
            "self": 0.14472680000108085
        },
        "TrainerController.start_learning": {
            "total": 860.8021688999979,
            "count": 1,
            "self": 0.48353170011614566,
            "children": {
                "TrainerController._reset_env": {
                    "total": 10.724668599999859,
                    "count": 1,
                    "self": 10.724668599999859
                },
                "TrainerController.advance": {
                    "total": 849.2652934998841,
                    "count": 22084,
                    "self": 0.4391150994815689,
                    "children": {
                        "env_step": {
                            "total": 784.8351615000829,
                            "count": 22084,
                            "self": 707.80486749989,
                            "children": {
                                "SubprocessEnvManager._take_step": {
                                    "total": 76.75587930004986,
                                    "count": 22084,
                                    "self": 1.2951415999268647,
                                    "children": {
                                        "TorchPolicy.evaluate": {
                                            "total": 75.46073770012299,
                                            "count": 21887,
                                            "self": 75.46073770012299
                                        }
                                    }
                                },
                                "workers": {
                                    "total": 0.27441470014309743,
                                    "count": 22083,
                                    "self": 0.0,
                                    "children": {
                                        "worker_root": {
                                            "total": 846.3119431001687,
                                            "count": 22083,
                                            "is_parallel": true,
                                            "self": 168.8231416003,
                                            "children": {
                                                "steps_from_proto": {
                                                    "total": 0.0004842000016651582,