{"count":1,"self":21.5512288,"total":22.570915499999998,"children":{"InitializeActuators":{"count":5,"self":0.0019211999999999999,"total":0.0019211999999999999,"children":null},"InitializeSensors":{"count":5,"self":0.0029974,"total":0.0029974,"children":null},"AgentSendState":{"count":840,"self":0.37343909999999997,"total":0.63645889999999994,"children":{"CollectObservations":{"count":840,"self":0.24782469999999998,"total":0.24782469999999998,"children":null},"WriteActionMask":{"count":840,"self":0.0025088999999999997,"total":0.0025088999999999997,"children":null},"RequestDecision":{"count":840,"self":0.0126862,"total":0.0126862,"children":null}}},"DecideAction":{"count":840,"self":0.35926539999999996,"total":0.36427139999999997,"children":{"RayPerceptionSensor.Perceive":{"count":840,"self":0.005006,"total":0.005006,"children":null}}},"AgentAct":{"count":840,"self":0.013532899999999999,"total":0.013532899999999999,"children":null}},"gauges":{"ExploreAgent.CumulativeReward":{"count":20,"max":0,"min":0,"runningAverage":0,"value":0,"weightedAverage":0}},"metadata":{"timer_format_version":"0.1.0","start_time_seconds":"1745135651","unity_version":"2022.3.47f1","command_line_arguments":"D:\\Program Files\\Unity\\2022.3.47f1\\Editor\\Unity.exe -projectpath H:\\Project\\Unity\\Crypt-See -useHub -hubIPC -cloudEnvironment production -licensingIpc LicenseClient-Jackdaw -hubSessionId 7341f349-138b-4234-bfea-0f85b369b6d9 -accessToken TYJ96Lp4jVEvoNquA3khEOwneNePc-cKfbeDnw6rUzM011f","communication_protocol_version":"1.5.0","com.unity.ml-agents_version":"2.0.1","scene_name":"Level1","end_time_seconds":"1745135673"}}