{"count":1,"self":45.1340704,"total":45.549979799999996,"children":{"InitializeActuators":{"count":1,"self":0.0015451999999999998,"total":0.0015451999999999998,"children":null},"InitializeSensors":{"count":1,"self":0.0026341999999999997,"total":0.0026341999999999997,"children":null},"AgentSendState":{"count":1103,"self":0.0276977,"total":0.1279035,"children":{"CollectObservations":{"count":221,"self":0.0890305,"total":0.0890305,"children":null},"WriteActionMask":{"count":221,"self":0,"total":0,"children":null},"RequestDecision":{"count":221,"self":0.011175299999999999,"total":0.011175299999999999,"children":null}}},"DecideAction":{"count":1103,"self":0.2689947,"total":0.27051159999999996,"children":{"RayPerceptionSensor.Perceive":{"count":221,"self":0.0015168999999999998,"total":0.0015168999999999998,"children":null}}},"AgentAct":{"count":1103,"self":0.0133137,"total":0.0133137,"children":null}},"gauges":{},"metadata":{"timer_format_version":"0.1.0","start_time_seconds":"1745072228","unity_version":"2022.3.47f1","command_line_arguments":"D:\\Program Files\\Unity\\2022.3.47f1\\Editor\\Unity.exe -projectpath H:\\Project\\Unity\\Crypt-See -useHub -hubIPC -cloudEnvironment production -licensingIpc LicenseClient-Jackdaw -hubSessionId b01e3d3c-1b68-42f7-a65f-4a8ca2386807 -accessToken 2OBJiXqmvtYSGt1MJ_0J5Q56Ln01zp40HntV7-JhAt0011f","communication_protocol_version":"1.5.0","com.unity.ml-agents_version":"2.0.1","scene_name":"Level1","end_time_seconds":"1745072273"}}