{"count":1,"self":136.74295039999998,"total":139.1373634,"children":{"InitializeActuators":{"count":1,"self":0.00099739999999999985,"total":0.00099739999999999985,"children":null},"InitializeSensors":{"count":1,"self":0.0026831999999999997,"total":0.0026831999999999997,"children":null},"AgentSendState":{"count":6659,"self":0.1639641,"total":0.9296681,"children":{"CollectObservations":{"count":1332,"self":0.7470232,"total":0.7470232,"children":null},"WriteActionMask":{"count":1332,"self":0.0021724,"total":0.0021724,"children":null},"RequestDecision":{"count":1332,"self":0.0165084,"total":0.0165084,"children":null}}},"DecideAction":{"count":6659,"self":1.3835133,"total":1.3988283,"children":{"RayPerceptionSensor.Perceive":{"count":1332,"self":0.015314999999999999,"total":0.015314999999999999,"children":null}}},"AgentAct":{"count":6659,"self":0.060575899999999995,"total":0.060575899999999995,"children":null}},"gauges":{},"metadata":{"timer_format_version":"0.1.0","start_time_seconds":"1745110041","unity_version":"2022.3.47f1","command_line_arguments":"D:\\Program Files\\Unity\\2022.3.47f1\\Editor\\Unity.exe -projectpath H:\\Project\\Unity\\Crypt-See -useHub -hubIPC -cloudEnvironment production -licensingIpc LicenseClient-Jackdaw -hubSessionId 7341f349-138b-4234-bfea-0f85b369b6d9 -accessToken _9DQFnfKEMZtoU0fpbjfmh4VGVwHfGm6ujuPxJkiGcg011f","communication_protocol_version":"1.5.0","com.unity.ml-agents_version":"2.0.1","scene_name":"Level1","end_time_seconds":"1745110180"}}