{"count":1,"self":87.162086399999993,"total":88.940706999999989,"children":{"InitializeActuators":{"count":2,"self":0.0021999999999999997,"total":0.0021999999999999997,"children":null},"InitializeSensors":{"count":2,"self":0.0030074999999999998,"total":0.0030074999999999998,"children":null},"AgentSendState":{"count":4004,"self":0.1232326,"total":0.60816039999999993,"children":{"CollectObservations":{"count":801,"self":0.46777359999999996,"total":0.46777359999999996,"children":null},"WriteActionMask":{"count":801,"self":0.0009389,"total":0.0009389,"children":null},"RequestDecision":{"count":801,"self":0.0162153,"total":0.0162153,"children":null}}},"DecideAction":{"count":4004,"self":1.1276088,"total":1.1367338999999999,"children":{"RayPerceptionSensor.Perceive":{"count":801,"self":0.0091250999999999988,"total":0.0091250999999999988,"children":null}}},"AgentAct":{"count":4004,"self":0.0285203,"total":0.0285203,"children":null}},"gauges":{},"metadata":{"timer_format_version":"0.1.0","start_time_seconds":"1745083659","unity_version":"2022.3.47f1","command_line_arguments":"D:\\Program Files\\Unity\\2022.3.47f1\\Editor\\Unity.exe -projectpath H:\\Project\\Unity\\Crypt-See -useHub -hubIPC -cloudEnvironment production -licensingIpc LicenseClient-Jackdaw -hubSessionId b01e3d3c-1b68-42f7-a65f-4a8ca2386807 -accessToken 2OBJiXqmvtYSGt1MJ_0J5Q56Ln01zp40HntV7-JhAt0011f","communication_protocol_version":"1.5.0","com.unity.ml-agents_version":"2.0.1","scene_name":"Level1","end_time_seconds":"1745083748"}}