{"count":1,"self":374.418048,"total":1049.4840817,"children":{"InitializeActuators":{"count":1,"self":0.0010088999999999999,"total":0.0010088999999999999,"children":null},"InitializeSensors":{"count":1,"self":0.0020337,"total":0.0020337,"children":null},"AgentSendState":{"count":529234,"self":8.4984096,"total":43.822184899999996,"children":{"CollectObservations":{"count":105847,"self":0.42634459999999996,"total":0.42634459999999996,"children":null},"WriteActionMask":{"count":105847,"self":0.0365281,"total":0.0365281,"children":null},"RequestDecision":{"count":105847,"self":0.4723249,"total":34.8609029,"children":{"AgentInfo.ToProto":{"count":105847,"self":0.5146889,"total":34.388577999999995,"children":{"GenerateSensorData":{"count":105847,"self":33.7183808,"total":33.8738891,"children":{"RayPerceptionSensor.Perceive":{"count":105847,"self":0.1555094,"total":0.1555094,"children":null}}}}}}}}},"DecideAction":{"count":529234,"self":625.43354879999993,"total":625.4335717,"children":null},"AgentAct":{"count":529234,"self":4.5329495999999994,"total":5.4719916,"children":{"AgentInfo.ToProto":{"count":2400,"self":0.0090309999999999991,"total":0.93904219999999994,"children":{"GenerateSensorData":{"count":2400,"self":0.9280048,"total":0.93001119999999993,"children":{"RayPerceptionSensor.Perceive":{"count":2400,"self":0.0020063999999999998,"total":0.0020063999999999998,"children":null}}}}}}},"AgentInfo.ToProto":{"count":972,"self":0.0091863999999999991,"total":0.3342497,"children":{"GenerateSensorData":{"count":972,"self":0.3200554,"total":0.3250633,"children":{"RayPerceptionSensor.Perceive":{"count":972,"self":0.0050079,"total":0.0050079,"children":null}}}}}},"gauges":{"ExploreAgent.CumulativeReward":{"count":3372,"max":0.969,"min":-1.13299537,"runningAverage":0.4130225,"value":0.949000061,"weightedAverage":0.943861842}},"metadata":{"timer_format_version":"0.1.0","start_time_seconds":"1744599662","unity_version":"2022.3.47f1","command_line_arguments":"C:\\Program Files\\Unity\\Hub\\Editor\\2022.3.47f1\\Editor\\Unity.exe -projectpath D:\\Unity Projek\\Crypt-See -useHub -hubIPC -cloudEnvironment production -licensingIpc LicenseClient-trist -hubSessionId 014cca08-0708-4682-8ed4-4b6aed721afe -accessToken J_S-3p3L5q6faN9nAqECDdhnWB0ap2LbBkIJLsvI3S4011f","communication_protocol_version":"1.5.0","com.unity.ml-agents_version":"2.0.1","scene_name":"Training Environment","end_time_seconds":"1744600711"}}