{"count":1,"self":125.88556799999999,"total":127.2503457,"children":{"InitializeActuators":{"count":1,"self":0.0020053,"total":0.0020053,"children":null},"InitializeSensors":{"count":1,"self":0.0019998999999999998,"total":0.0019998999999999998,"children":null},"AgentSendState":{"count":6101,"self":0.14339549999999998,"total":0.16090759999999998,"children":{"CollectObservations":{"count":1221,"self":0.0010046,"total":0.0010046,"children":null},"WriteActionMask":{"count":1221,"self":0,"total":0,"children":null},"RequestDecision":{"count":1221,"self":0.016507499999999998,"total":0.016507499999999998,"children":null}}},"DecideAction":{"count":6101,"self":1.1413988,"total":1.149961,"children":{"RayPerceptionSensor.Perceive":{"count":1221,"self":0.008562199999999999,"total":0.008562199999999999,"children":null}}},"AgentAct":{"count":6101,"self":0.049362699999999995,"total":0.049362699999999995,"children":null}},"gauges":{"EnemyNPC.CumulativeReward":{"count":20,"max":1.23420107,"min":0,"runningAverage":1.08586407,"value":1.18808532,"weightedAverage":1.13251281}},"metadata":{"timer_format_version":"0.1.0","start_time_seconds":"1747311165","unity_version":"2022.3.47f1","command_line_arguments":"C:\\Program Files\\Unity\\Hub\\Editor\\2022.3.47f1\\Editor\\Unity.exe -projectpath D:\\Unity Projek\\Crypt-See -useHub -hubIPC -cloudEnvironment production -licensingIpc LicenseClient-trist -hubSessionId ec086383-a56c-4129-85b7-b60cea0c3ea1 -accessToken WRW4jhsFeo3_8m4IxoYMxbq9wD_u4hnePDyVxl207yQ011f","communication_protocol_version":"1.5.0","com.unity.ml-agents_version":"2.0.1","scene_name":"TrainingEnv2","end_time_seconds":"1747311292"}}