{"count":1,"self":197.4100992,"total":722.88397279999992,"children":{"InitializeActuators":{"count":9,"self":0.00099899999999999989,"total":0.00099899999999999989,"children":null},"InitializeSensors":{"count":9,"self":0.0035169999999999997,"total":0.0035169999999999997,"children":null},"AgentSendState":{"count":259334,"self":42.6847712,"total":48.8029131,"children":{"CollectObservations":{"count":466803,"self":0.9272691999999999,"total":0.9272691999999999,"children":null},"WriteActionMask":{"count":466803,"self":0.11680389999999999,"total":0.11680389999999999,"children":null},"RequestDecision":{"count":466803,"self":0.87424519999999994,"total":5.0740674,"children":{"AgentInfo.ToProto":{"count":466803,"self":0.69799329999999993,"total":4.1998222,"children":{"GenerateSensorData":{"count":466803,"self":3.0106523999999997,"total":3.5018289,"children":{"RayPerceptionSensor.Perceive":{"count":466803,"self":0.49117639999999996,"total":0.49117639999999996,"children":null}}}}}}}}},"DecideAction":{"count":259334,"self":469.86101759999997,"total":469.8610371,"children":null},"AgentAct":{"count":259334,"self":6.6409199999999995,"total":6.6419231,"children":{"AgentInfo.ToProto":{"count":4,"self":0.0010029,"total":0.0010029,"children":{"GenerateSensorData":{"count":4,"self":0,"total":0,"children":{"RayPerceptionSensor.Perceive":{"count":4,"self":0,"total":0,"children":null}}}}}}},"AgentInfo.ToProto":{"count":6612,"self":0.0314174,"total":0.1634869,"children":{"GenerateSensorData":{"count":6612,"self":0.11993609999999999,"total":0.1320695,"children":{"RayPerceptionSensor.Perceive":{"count":6612,"self":0.012133399999999999,"total":0.012133399999999999,"children":null}}}}}},"gauges":{"ExploreAgent.CumulativeReward":{"count":6616,"max":7.55434275,"min":-2.73152161,"runningAverage":2.29533362,"value":3.55167747,"weightedAverage":3.506269}},"metadata":{"timer_format_version":"0.1.0","start_time_seconds":"1744162466","unity_version":"2022.3.47f1","command_line_arguments":"C:\\Program Files\\Unity\\Hub\\Editor\\2022.3.47f1\\Editor\\Unity.exe -projectpath D:\\Unity Projek\\RLS -useHub -hubIPC -cloudEnvironment production -licensingIpc LicenseClient-trist -hubSessionId 93169011-f0f9-49d3-968f-0f87bb68f431 -accessToken tsFuvdQYHIGPWVOPK46TZpOnmfI2FAoOsE7-NxbqrTw011f","communication_protocol_version":"1.5.0","com.unity.ml-agents_version":"2.0.1","scene_name":"Training Environment","end_time_seconds":"1744163189"}}