{
    "name": "root",
    "gauges": {
        "EnemyNPC.Policy.Entropy.mean": {
            "value": 0.40634340047836304,
            "min": 0.3707217574119568,
            "max": 0.40634340047836304,
            "count": 3
        },
        "EnemyNPC.Policy.Entropy.sum": {
            "value": 4067.90380859375,
            "min": 231.3303680419922,
            "max": 4067.90380859375,
            "count": 3
        },
        "EnemyNPC.Environment.EpisodeLength.mean": {
            "value": 68.65957446808511,
            "min": 21.0,
            "max": 68.65957446808511,
            "count": 3
        },
        "EnemyNPC.Environment.EpisodeLength.sum": {
            "value": 9681.0,
            "min": 84.0,
            "max": 9990.0,
            "count": 3
        },
        "EnemyNPC.Step.mean": {
            "value": 499998.0,
            "min": 479968.0,
            "max": 499998.0,
            "count": 3
        },
        "EnemyNPC.Step.sum": {
            "value": 499998.0,
            "min": 479968.0,
            "max": 499998.0,
            "count": 3
        },
        "EnemyNPC.Policy.ExtrinsicValueEstimate.mean": {
            "value": 0.49371451139450073,
            "min": 0.49371451139450073,
            "max": 0.5648682713508606,
            "count": 3
        },
        "EnemyNPC.Policy.ExtrinsicValueEstimate.sum": {
            "value": 120.46633911132812,
            "min": 5.08381462097168,
            "max": 133.59524536132812,
            "count": 3
        },
        "EnemyNPC.Environment.CumulativeReward.mean": {
            "value": 0.46262127598832237,
            "min": 0.46262127598832237,
            "max": 0.7000999860465527,
            "count": 3
        },
        "EnemyNPC.Environment.CumulativeReward.sum": {
            "value": 65.22959991435346,
            "min": 2.8003999441862106,
            "max": 74.64300045813434,
            "count": 3
        },
        "EnemyNPC.Policy.ExtrinsicReward.mean": {
            "value": 0.46262127598832237,
            "min": 0.46262127598832237,
            "max": 0.7000999860465527,
            "count": 3
        },
        "EnemyNPC.Policy.ExtrinsicReward.sum": {
            "value": 65.22959991435346,
            "min": 2.8003999441862106,
            "max": 74.64300045813434,
            "count": 3
        },
        "EnemyNPC.IsTraining.mean": {
            "value": 1.0,
            "min": 1.0,
            "max": 1.0,
            "count": 3
        },
        "EnemyNPC.IsTraining.sum": {
            "value": 1.0,
            "min": 1.0,
            "max": 1.0,
            "count": 3
        },
        "EnemyNPC.Losses.PolicyLoss.mean": {
            "value": 0.03264773251954466,
            "min": 0.03264773251954466,
            "max": 0.03264773251954466,
            "count": 1
        },
        "EnemyNPC.Losses.PolicyLoss.sum": {
            "value": 0.03264773251954466,
            "min": 0.03264773251954466,
            "max": 0.03264773251954466,
            "count": 1
        },
        "EnemyNPC.Losses.ValueLoss.mean": {
            "value": 0.03652541195973754,
            "min": 0.03652541195973754,
            "max": 0.03652541195973754,
            "count": 1
        },
        "EnemyNPC.Losses.ValueLoss.sum": {
            "value": 0.03652541195973754,
            "min": 0.03652541195973754,
            "max": 0.03652541195973754,
            "count": 1
        },
        "EnemyNPC.Policy.LearningRate.mean": {
            "value": 6.1134979622e-06,
            "min": 6.1134979622e-06,
            "max": 6.1134979622e-06,
            "count": 1
        },
        "EnemyNPC.Policy.LearningRate.sum": {
            "value": 6.1134979622e-06,
            "min": 6.1134979622e-06,
            "max": 6.1134979622e-06,
            "count": 1
        },
        "EnemyNPC.Policy.Epsilon.mean": {
            "value": 0.10407560000000002,
            "min": 0.10407560000000002,
            "max": 0.10407560000000002,
            "count": 1
        },
        "EnemyNPC.Policy.Epsilon.sum": {
            "value": 0.10407560000000002,
            "min": 0.10407560000000002,
            "max": 0.10407560000000002,
            "count": 1
        },
        "EnemyNPC.Policy.Beta.mean": {
            "value": 1.9985220000000004e-05,
            "min": 1.9985220000000004e-05,
            "max": 1.9985220000000004e-05,
            "count": 1
        },
        "EnemyNPC.Policy.Beta.sum": {
            "value": 1.9985220000000004e-05,
            "min": 1.9985220000000004e-05,
            "max": 1.9985220000000004e-05,
            "count": 1
        }
    },
    "metadata": {
        "timer_format_version": "0.1.0",
        "start_time_seconds": "1747913977",
        "python_version": "3.10.12 | packaged by Anaconda, Inc. | (main, Jul  5 2023, 19:01:18) [MSC v.1916 64 bit (AMD64)]",
        "command_line_arguments": "C:\\Users\\trist\\anaconda3\\envs\\mlagents\\Scripts\\mlagents-learn .\\Config\\trainingConfig.yaml --env=C:\\Users\\trist\\Documents\\Crypt-SeeTraining --run-id EnemyNPCModel_01 --num-envs 6 --resume",
        "mlagents_version": "1.1.0",
        "mlagents_envs_version": "1.1.0",
        "communication_protocol_version": "1.5.0",
        "pytorch_version": "2.6.0+cu126",
        "numpy_version": "1.23.5",
        "end_time_seconds": "1747914118"
    },
    "total": 140.97822549999546,
    "count": 1,
    "self": 0.5603801000033855,
    "children": {
        "run_training.setup": {
            "total": 0.5224173999959021,
            "count": 1,
            "self": 0.5224173999959021
        },
        "TrainerController.start_learning": {
            "total": 139.89542799999617,
            "count": 1,
            "self": 0.13691620000463445,
            "children": {
                "TrainerController._reset_env": {
                    "total": 10.187285499996506,
                    "count": 1,
                    "self": 10.187285499996506
                },
                "TrainerController.advance": {
                    "total": 129.46339579999767,
                    "count": 4186,
                    "self": 0.08740729973942507,
                    "children": {
                        "env_step": {
                            "total": 119.2825644997647,
                            "count": 4186,
                            "self": 8.22527980087034,
                            "children": {
                                "SubprocessEnvManager._take_step": {
                                    "total": 110.90915479895193,
                                    "count": 20822,
                                    "self": 1.2954442982372711,
                                    "children": {
                                        "TorchPolicy.evaluate": {
                                            "total": 109.61371050071466,
                                            "count": 20595,
                                            "self": 109.61371050071466
                                        }
                                    }
                                },
                                "workers": {
                                    "total": 0.14812989994243253,
                                    "count": 4186,
                                    "self": 0.0,
                                    "children": {
                                        "worker_root": {
                                            "total": 788.8878591003886,
                                            "count": 20821,
                                            "is_parallel": true,
                                            "self": 727.0510810998749,
                                            "children": {
                                                "steps_from_proto": {
                                                    "total": 0.0036558999854605645,
                                                    "count": 6,