{
    "name": "root",
    "gauges": {
        "EnemyNPC.Policy.Entropy.mean": {
            "value": 0.6352246999740601,
            "min": 0.5150694847106934,
            "max": 0.8327903747558594,
            "count": 50
        },
        "EnemyNPC.Policy.Entropy.sum": {
            "value": 6323.0263671875,
            "min": 5164.0869140625,
            "max": 8225.9794921875,
            "count": 50
        },
        "EnemyNPC.Step.mean": {
            "value": 499944.0,
            "min": 9950.0,
            "max": 499944.0,
            "count": 50
        },
        "EnemyNPC.Step.sum": {
            "value": 499944.0,
            "min": 9950.0,
            "max": 499944.0,
            "count": 50
        },
        "EnemyNPC.Policy.ExtrinsicValueEstimate.mean": {
            "value": 0.11470061540603638,
            "min": 0.08090654760599136,
            "max": 0.49857085943222046,
            "count": 50
        },
        "EnemyNPC.Policy.ExtrinsicValueEstimate.sum": {
            "value": 18.35209846496582,
            "min": 12.864141464233398,
            "max": 80.76847839355469,
            "count": 50
        },
        "EnemyNPC.Environment.EpisodeLength.mean": {
            "value": 620.1,
            "min": 395.15384615384613,
            "max": 1179.888888888889,
            "count": 50
        },
        "EnemyNPC.Environment.EpisodeLength.sum": {
            "value": 6201.0,
            "min": 5137.0,
            "max": 13835.0,
            "count": 50
        },
        "EnemyNPC.Environment.CumulativeReward.mean": {
            "value": 0.7901976316675751,
            "min": -0.17789364827331156,
            "max": 0.9136730209440709,
            "count": 50
        },
        "EnemyNPC.Environment.CumulativeReward.sum": {
            "value": 7.111778685008176,
            "min": -2.4905110758263618,
            "max": 15.037679646338802,
            "count": 50
        },
        "EnemyNPC.Policy.ExtrinsicReward.mean": {
            "value": 0.7901976316675751,
            "min": -0.17789364827331156,
            "max": 0.9136730209440709,
            "count": 50
        },
        "EnemyNPC.Policy.ExtrinsicReward.sum": {
            "value": 7.111778685008176,
            "min": -2.4905110758263618,
            "max": 15.037679646338802,
            "count": 50
        },
        "EnemyNPC.IsTraining.mean": {
            "value": 1.0,
            "min": 1.0,
            "max": 1.0,
            "count": 50
        },
        "EnemyNPC.IsTraining.sum": {
            "value": 1.0,
            "min": 1.0,
            "max": 1.0,
            "count": 50
        },
        "EnemyNPC.Losses.PolicyLoss.mean": {
            "value": 0.036142052989453076,
            "min": 0.02651899547393744,
            "max": 0.04333406360819936,
            "count": 48
        },
        "EnemyNPC.Losses.PolicyLoss.sum": {
            "value": 0.036142052989453076,
            "min": 0.02651899547393744,
            "max": 0.04333406360819936,
            "count": 48
        },
        "EnemyNPC.Losses.ValueLoss.mean": {
            "value": 0.007741650799289346,
            "min": 0.002245803705106179,
            "max": 0.009321234778811534,
            "count": 48
        },
        "EnemyNPC.Losses.ValueLoss.sum": {
            "value": 0.007741650799289346,
            "min": 0.002245803705106179,
            "max": 0.009321234778811534,
            "count": 48
        },
        "EnemyNPC.Policy.LearningRate.mean": {
            "value": 3.9282986906000155e-06,
            "min": 3.9282986906000155e-06,
            "max": 0.00029383800205399997,
            "count": 48
        },
        "EnemyNPC.Policy.LearningRate.sum": {
            "value": 3.9282986906000155e-06,
            "min": 3.9282986906000155e-06,
            "max": 0.00029383800205399997,
            "count": 48
        },
        "EnemyNPC.Policy.Epsilon.mean": {
            "value": 0.10130940000000001,
            "min": 0.10130940000000001,
            "max": 0.19794599999999998,
            "count": 48
        },
        "EnemyNPC.Policy.Epsilon.sum": {
            "value": 0.10130940000000001,
            "min": 0.10130940000000001,
            "max": 0.19794599999999998,
            "count": 48
        },
        "EnemyNPC.Policy.Beta.mean": {
            "value": 1.6416060000000025e-05,
            "min": 1.6416060000000025e-05,
            "max": 0.0004899354,
            "count": 48
        },
        "EnemyNPC.Policy.Beta.sum": {
            "value": 1.6416060000000025e-05,
            "min": 1.6416060000000025e-05,
            "max": 0.0004899354,
            "count": 48
        }
    },
    "metadata": {
        "timer_format_version": "0.1.0",
        "start_time_seconds": "1747646969",
        "python_version": "3.10.12 | packaged by Anaconda, Inc. | (main, Jul  5 2023, 19:01:18) [MSC v.1916 64 bit (AMD64)]",
        "command_line_arguments": "C:\\Users\\trist\\anaconda3\\envs\\mlagents\\Scripts\\mlagents-learn .\\Config\\trainingConfig.yaml --run-id AgentVisionHearingModel_03 --torch-device cuda --initialize-from AgentVisionHearingModel_02",
        "mlagents_version": "1.1.0",
        "mlagents_envs_version": "1.1.0",
        "communication_protocol_version": "1.5.0",
        "pytorch_version": "2.6.0+cu126",
        "numpy_version": "1.23.5",
        "end_time_seconds": "1747649284"
    },
    "total": 2315.513136499998,
    "count": 1,
    "self": 0.01567819999763742,
    "children": {
        "run_training.setup": {
            "total": 0.10032289999799104,
            "count": 1,
            "self": 0.10032289999799104
        },
        "TrainerController.start_learning": {
            "total": 2315.3971354000023,
            "count": 1,
            "self": 1.1277056998951593,
            "children": {
                "TrainerController._reset_env": {
                    "total": 11.65103369999997,
                    "count": 1,
                    "self": 11.65103369999997
                },
                "TrainerController.advance": {
                    "total": 2302.5260021001013,
                    "count": 56112,
                    "self": 1.0450050008439575,
                    "children": {
                        "env_step": {
                            "total": 2115.9052332000356,
                            "count": 56112,
                            "self": 1833.9785195002332,
                            "children": {
                                "SubprocessEnvManager._take_step": {
                                    "total": 281.25150210063293,
                                    "count": 56112,
                                    "self": 3.048194900227827,
                                    "children": {
                                        "TorchPolicy.evaluate": {
                                            "total": 278.2033072004051,
                                            "count": 55580,
                                            "self": 278.2033072004051
                                        }
                                    }
                                },
                                "workers": {
                                    "total": 0.6752115991694154,
                                    "count": 56112,
                                    "self": 0.0,
                                    "children": {
                                        "worker_root": {
                                            "total": 2305.112334798767,
                                            "count": 56112,
                                            "is_parallel": true,
                                            "self": 536.8708967997372,
                                            "children": {
                                                "steps_from_proto": {
                                                    "total": 0.0045916999952169135,