{
    "name": "root",
    "gauges": {
        "ExploreAgent.Policy.Entropy.mean": {
            "value": 1.3872952461242676,
            "min": 1.3872952461242676,
            "max": 1.422242283821106,
            "count": 20
        },
        "ExploreAgent.Policy.Entropy.sum": {
            "value": 13884.05078125,
            "min": 13815.5771484375,
            "max": 14634.9296875,
            "count": 20
        },
        "ExploreAgent.Environment.EpisodeLength.mean": {
            "value": 368.38461538461536,
            "min": 107.0561797752809,
            "max": 655.6470588235294,
            "count": 20
        },
        "ExploreAgent.Environment.EpisodeLength.sum": {
            "value": 9578.0,
            "min": 6906.0,
            "max": 11776.0,
            "count": 20
        },
        "ExploreAgent.Step.mean": {
            "value": 199969.0,
            "min": 9999.0,
            "max": 199969.0,
            "count": 20
        },
        "ExploreAgent.Step.sum": {
            "value": 199969.0,
            "min": 9999.0,
            "max": 199969.0,
            "count": 20
        },
        "ExploreAgent.Policy.ExtrinsicValueEstimate.mean": {
            "value": 0.1385633647441864,
            "min": -0.01871311664581299,
            "max": 0.1915113925933838,
            "count": 20
        },
        "ExploreAgent.Policy.ExtrinsicValueEstimate.sum": {
            "value": 23.417207717895508,
            "min": -3.3122217655181885,
            "max": 37.919254302978516,
            "count": 20
        },
        "ExploreAgent.Environment.CumulativeReward.mean": {
            "value": 0.819123082436048,
            "min": -0.43930125357583166,
            "max": 0.819123082436048,
            "count": 20
        },
        "ExploreAgent.Environment.CumulativeReward.sum": {
            "value": 21.29720014333725,
            "min": -38.68920027837157,
            "max": 21.29720014333725,
            "count": 20
        },
        "ExploreAgent.Policy.ExtrinsicReward.mean": {
            "value": 0.819123082436048,
            "min": -0.43930125357583166,
            "max": 0.819123082436048,
            "count": 20
        },
        "ExploreAgent.Policy.ExtrinsicReward.sum": {
            "value": 21.29720014333725,
            "min": -38.68920027837157,
            "max": 21.29720014333725,
            "count": 20
        },
        "ExploreAgent.IsTraining.mean": {
            "value": 1.0,
            "min": 1.0,
            "max": 1.0,
            "count": 20
        },
        "ExploreAgent.IsTraining.sum": {
            "value": 1.0,
            "min": 1.0,
            "max": 1.0,
            "count": 20
        },
        "ExploreAgent.Losses.PolicyLoss.mean": {
            "value": 0.0199295567193379,
            "min": 0.0199295567193379,
            "max": 0.027492515991131464,
            "count": 19
        },
        "ExploreAgent.Losses.PolicyLoss.sum": {
            "value": 0.0199295567193379,
            "min": 0.0199295567193379,
            "max": 0.027492515991131464,
            "count": 19
        },
        "ExploreAgent.Losses.ValueLoss.mean": {
            "value": 0.0025927802237371606,
            "min": 0.0018934433697722851,
            "max": 0.0764550610134999,
            "count": 19
        },
        "ExploreAgent.Losses.ValueLoss.sum": {
            "value": 0.0025927802237371606,
            "min": 0.0018934433697722851,
            "max": 0.0764550610134999,
            "count": 19
        },
        "ExploreAgent.Policy.LearningRate.mean": {
            "value": 0.00027071265976244996,
            "min": 0.00027071265976244996,
            "max": 0.00029844630051789985,
            "count": 19
        },
        "ExploreAgent.Policy.LearningRate.sum": {
            "value": 0.00027071265976244996,
            "min": 0.00027071265976244996,
            "max": 0.00029844630051789985,
            "count": 19
        },
        "ExploreAgent.Policy.Epsilon.mean": {
            "value": 0.19023755,
            "min": 0.19023755,
            "max": 0.1994821,
            "count": 19
        },
        "ExploreAgent.Policy.Epsilon.sum": {
            "value": 0.19023755,
            "min": 0.19023755,
            "max": 0.1994821,
            "count": 19
        },
        "ExploreAgent.Policy.Beta.mean": {
            "value": 0.0004521639949999999,
            "min": 0.0004521639949999999,
            "max": 0.0004974622900000001,
            "count": 19
        },
        "ExploreAgent.Policy.Beta.sum": {
            "value": 0.0004521639949999999,
            "min": 0.0004521639949999999,
            "max": 0.0004974622900000001,
            "count": 19
        }
    },
    "metadata": {
        "timer_format_version": "0.1.0",
        "start_time_seconds": "1744899565",
        "python_version": "3.10.12 | packaged by Anaconda, Inc. | (main, Jul  5 2023, 19:01:18) [MSC v.1916 64 bit (AMD64)]",
        "command_line_arguments": "C:\\Users\\trist\\anaconda3\\envs\\mlagents\\Scripts\\mlagents-learn .\\Config\\trainingConfigNC.yaml --run-id AgentV1_01 --torch-device cuda",
        "mlagents_version": "1.1.0",
        "mlagents_envs_version": "1.1.0",
        "communication_protocol_version": "1.5.0",
        "pytorch_version": "2.6.0+cu126",
        "numpy_version": "1.23.5",
        "end_time_seconds": "1744900462"
    },
    "total": 896.9138035000069,
    "count": 1,
    "self": 0.010820100003911648,
    "children": {
        "run_training.setup": {
            "total": 0.1196498999997857,
            "count": 1,
            "self": 0.1196498999997857
        },
        "TrainerController.start_learning": {
            "total": 896.7833335000032,
            "count": 1,
            "self": 0.5026328995372751,
            "children": {
                "TrainerController._reset_env": {
                    "total": 15.572604000000865,
                    "count": 1,
                    "self": 15.572604000000865
                },
                "TrainerController.advance": {
                    "total": 880.2994528004638,
                    "count": 23809,
                    "self": 0.4607555991387926,
                    "children": {
                        "env_step": {
                            "total": 808.4824972012939,
                            "count": 23809,
                            "self": 722.3988518015685,
                            "children": {
                                "SubprocessEnvManager._take_step": {
                                    "total": 85.79138970019267,
                                    "count": 23809,
                                    "self": 1.4145982002810342,
                                    "children": {
                                        "TorchPolicy.evaluate": {
                                            "total": 84.37679149991163,
                                            "count": 23274,
                                            "self": 84.37679149991163
                                        }
                                    }
                                },
                                "workers": {
                                    "total": 0.2922556995326886,
                                    "count": 23808,
                                    "self": 0.0,
                                    "children": {
                                        "worker_root": {
                                            "total": 818.4505473997924,
                                            "count": 23808,
                                            "is_parallel": true,
                                            "self": 187.8228632995888,
                                            "children": {
                                                "steps_from_proto": {
                                                    "total": 0.0003747999944607727,
                                                    "count": 1,