{
    "name": "root",
    "gauges": {
        "ExploreAgent.Policy.Entropy.mean": {
            "value": 1.3783289194107056,
            "min": 1.3783289194107056,
            "max": 1.4189382791519165,
            "count": 13
        },
        "ExploreAgent.Policy.Entropy.sum": {
            "value": 13794.3154296875,
            "min": 13650.384765625,
            "max": 14507.224609375,
            "count": 13
        },
        "ExploreAgent.Environment.EpisodeLength.mean": {
            "value": 648.2777777777778,
            "min": 24.090225563909776,
            "max": 755.25,
            "count": 13
        },
        "ExploreAgent.Environment.EpisodeLength.sum": {
            "value": 11669.0,
            "min": 8734.0,
            "max": 11669.0,
            "count": 13
        },
        "ExploreAgent.Step.mean": {
            "value": 129966.0,
            "min": 9998.0,
            "max": 129966.0,
            "count": 13
        },
        "ExploreAgent.Step.sum": {
            "value": 129966.0,
            "min": 9998.0,
            "max": 129966.0,
            "count": 13
        },
        "ExploreAgent.Policy.ExtrinsicValueEstimate.mean": {
            "value": -0.03373653441667557,
            "min": -0.3522331118583679,
            "max": 0.0564231276512146,
            "count": 13
        },
        "ExploreAgent.Policy.ExtrinsicValueEstimate.sum": {
            "value": -5.600264549255371,
            "min": -107.00318145751953,
            "max": 23.64129066467285,
            "count": 13
        },
        "ExploreAgent.Environment.CumulativeReward.mean": {
            "value": 0.691596060163445,
            "min": -0.47020882638592515,
            "max": 1.206849586723062,
            "count": 13
        },
        "ExploreAgent.Environment.CumulativeReward.sum": {
            "value": 12.448729082942009,
            "min": -187.14311290159822,
            "max": 14.482195040676743,
            "count": 13
        },
        "ExploreAgent.Policy.ExtrinsicReward.mean": {
            "value": 0.691596060163445,
            "min": -0.47020882638592515,
            "max": 1.206849586723062,
            "count": 13
        },
        "ExploreAgent.Policy.ExtrinsicReward.sum": {
            "value": 12.448729082942009,
            "min": -187.14311290159822,
            "max": 14.482195040676743,
            "count": 13
        },
        "ExploreAgent.IsTraining.mean": {
            "value": 1.0,
            "min": 1.0,
            "max": 1.0,
            "count": 13
        },
        "ExploreAgent.IsTraining.sum": {
            "value": 1.0,
            "min": 1.0,
            "max": 1.0,
            "count": 13
        },
        "ExploreAgent.Losses.PolicyLoss.mean": {
            "value": 0.02363596038582424,
            "min": 0.020180812020165226,
            "max": 0.03127874825149775,
            "count": 12
        },
        "ExploreAgent.Losses.PolicyLoss.sum": {
            "value": 0.02363596038582424,
            "min": 0.020180812020165226,
            "max": 0.03127874825149775,
            "count": 12
        },
        "ExploreAgent.Losses.ValueLoss.mean": {
            "value": 0.0029224484072377286,
            "min": 0.0029224484072377286,
            "max": 0.06450608136753241,
            "count": 12
        },
        "ExploreAgent.Losses.ValueLoss.sum": {
            "value": 0.0029224484072377286,
            "min": 0.0029224484072377286,
            "max": 0.06450608136753241,
            "count": 12
        },
        "ExploreAgent.Policy.LearningRate.mean": {
            "value": 0.00028151355616214997,
            "min": 0.00028151355616214997,
            "max": 0.00029846385051205006,
            "count": 12
        },
        "ExploreAgent.Policy.LearningRate.sum": {
            "value": 0.00028151355616214997,
            "min": 0.00028151355616214997,
            "max": 0.00029846385051205006,
            "count": 12
        },
        "ExploreAgent.Policy.Epsilon.mean": {
            "value": 0.1938378500000001,
            "min": 0.1938378500000001,
            "max": 0.19948795000000002,
            "count": 12
        },
        "ExploreAgent.Policy.Epsilon.sum": {
            "value": 0.1938378500000001,
            "min": 0.1938378500000001,
            "max": 0.19948795000000002,
            "count": 12
        },
        "ExploreAgent.Policy.Beta.mean": {
            "value": 0.00046980546500000004,
            "min": 0.00046980546500000004,
            "max": 0.0004974909550000002,
            "count": 12
        },
        "ExploreAgent.Policy.Beta.sum": {
            "value": 0.00046980546500000004,
            "min": 0.00046980546500000004,
            "max": 0.0004974909550000002,
            "count": 12
        }
    },
    "metadata": {
        "timer_format_version": "0.1.0",
        "start_time_seconds": "1744986433",
        "python_version": "3.10.12 | packaged by Anaconda, Inc. | (main, Jul  5 2023, 19:01:18) [MSC v.1916 64 bit (AMD64)]",
        "command_line_arguments": "C:\\Users\\trist\\anaconda3\\envs\\mlagents\\Scripts\\mlagents-learn .\\Config\\trainingConfigNC.yaml --run-id AgentV1_05 --torch-device cuda",
        "mlagents_version": "1.1.0",
        "mlagents_envs_version": "1.1.0",
        "communication_protocol_version": "1.5.0",
        "pytorch_version": "2.6.0+cu126",
        "numpy_version": "1.23.5",
        "end_time_seconds": "1744987034"
    },
    "total": 600.8143275000002,
    "count": 1,
    "self": 0.010588199998892378,
    "children": {
        "run_training.setup": {
            "total": 0.12226889999874402,
            "count": 1,
            "self": 0.12226889999874402
        },
        "TrainerController.start_learning": {
            "total": 600.6814704000026,
            "count": 1,
            "self": 0.3561222999414895,
            "children": {
                "TrainerController._reset_env": {
                    "total": 10.814999700000044,
                    "count": 1,
                    "self": 10.814999700000044
                },
                "TrainerController.advance": {
                    "total": 589.1245825000624,
                    "count": 16536,
                    "self": 0.32104120013900683,
                    "children": {
                        "env_step": {
                            "total": 538.8990677999936,
                            "count": 16536,
                            "self": 487.1591320997177,
                            "children": {
                                "SubprocessEnvManager._take_step": {
                                    "total": 51.52362290030214,
                                    "count": 16536,
                                    "self": 0.9546988003530714,
                                    "children": {
                                        "TorchPolicy.evaluate": {
                                            "total": 50.56892409994907,
                                            "count": 15301,
                                            "self": 50.56892409994907
                                        }
                                    }
                                },
                                "workers": {
                                    "total": 0.2163127999738208,
                                    "count": 16535,
                                    "self": 0.0,
                                    "children": {
                                        "worker_root": {
                                            "total": 583.2463619998198,
                                            "count": 16535,
                                            "is_parallel": true,
                                            "self": 123.2326975999531,
                                            "children": {
                                                "steps_from_proto": {
                                                    "total": 0.0006285999988904223,