{
    "name": "root",
    "gauges": {
        "SeeTarget.Policy.Entropy.mean": {
            "value": 1.3690754175186157,
            "min": 1.3690754175186157,
            "max": 1.380791425704956,
            "count": 5
        },
        "SeeTarget.Policy.Entropy.sum": {
            "value": 13615.455078125,
            "min": 13615.455078125,
            "max": 14216.62890625,
            "count": 5
        },
        "SeeTarget.Environment.EpisodeLength.mean": {
            "value": 204.2,
            "min": 90.96116504854369,
            "max": 204.2,
            "count": 5
        },
        "SeeTarget.Environment.EpisodeLength.sum": {
            "value": 8168.0,
            "min": 8168.0,
            "max": 9805.0,
            "count": 5
        },
        "SeeTarget.Step.mean": {
            "value": 49964.0,
            "min": 9984.0,
            "max": 49964.0,
            "count": 5
        },
        "SeeTarget.Step.sum": {
            "value": 49964.0,
            "min": 9984.0,
            "max": 49964.0,
            "count": 5
        },
        "SeeTarget.Policy.ExtrinsicValueEstimate.mean": {
            "value": 0.3564862012863159,
            "min": 0.32662340998649597,
            "max": 0.5255522131919861,
            "count": 5
        },
        "SeeTarget.Policy.ExtrinsicValueEstimate.sum": {
            "value": 62.74156951904297,
            "min": 58.46559143066406,
            "max": 108.789306640625,
            "count": 5
        },
        "SeeTarget.Environment.CumulativeReward.mean": {
            "value": 0.35226423405110835,
            "min": 0.23771295249823807,
            "max": 0.35226423405110835,
            "count": 5
        },
        "SeeTarget.Environment.CumulativeReward.sum": {
            "value": 14.090569362044334,
            "min": 14.090569362044334,
            "max": 24.48443410731852,
            "count": 5
        },
        "SeeTarget.Policy.ExtrinsicReward.mean": {
            "value": 0.35226423405110835,
            "min": 0.23771295249823807,
            "max": 0.35226423405110835,
            "count": 5
        },
        "SeeTarget.Policy.ExtrinsicReward.sum": {
            "value": 14.090569362044334,
            "min": 14.090569362044334,
            "max": 24.48443410731852,
            "count": 5
        },
        "SeeTarget.IsTraining.mean": {
            "value": 1.0,
            "min": 1.0,
            "max": 1.0,
            "count": 5
        },
        "SeeTarget.IsTraining.sum": {
            "value": 1.0,
            "min": 1.0,
            "max": 1.0,
            "count": 5
        },
        "SeeTarget.Losses.PolicyLoss.mean": {
            "value": 0.03071063356474042,
            "min": 0.021865537110716104,
            "max": 0.03071063356474042,
            "count": 4
        },
        "SeeTarget.Losses.PolicyLoss.sum": {
            "value": 0.03071063356474042,
            "min": 0.021865537110716104,
            "max": 0.03071063356474042,
            "count": 4
        },
        "SeeTarget.Losses.ValueLoss.mean": {
            "value": 0.015483127348124981,
            "min": 0.015483127348124981,
            "max": 0.03649995482216279,
            "count": 4
        },
        "SeeTarget.Losses.ValueLoss.sum": {
            "value": 0.015483127348124981,
            "min": 0.015483127348124981,
            "max": 0.03649995482216279,
            "count": 4
        },
        "SeeTarget.Policy.LearningRate.mean": {
            "value": 0.00029383725205425,
            "min": 0.00029383725205425,
            "max": 0.00029845710051430003,
            "count": 4
        },
        "SeeTarget.Policy.LearningRate.sum": {
            "value": 0.00029383725205425,
            "min": 0.00029383725205425,
            "max": 0.00029845710051430003,
            "count": 4
        },
        "SeeTarget.Policy.Epsilon.mean": {
            "value": 0.19794574999999995,
            "min": 0.19794574999999995,
            "max": 0.19948570000000007,
            "count": 4
        },
        "SeeTarget.Policy.Epsilon.sum": {
            "value": 0.19794574999999995,
            "min": 0.19794574999999995,
            "max": 0.19948570000000007,
            "count": 4
        },
        "SeeTarget.Policy.Beta.mean": {
            "value": 0.000489934175,
            "min": 0.000489934175,
            "max": 0.0004974799299999998,
            "count": 4
        },
        "SeeTarget.Policy.Beta.sum": {
            "value": 0.000489934175,
            "min": 0.000489934175,
            "max": 0.0004974799299999998,
            "count": 4
        }
    },
    "metadata": {
        "timer_format_version": "0.1.0",
        "start_time_seconds": "1747106219",
        "python_version": "3.10.12 | packaged by Anaconda, Inc. | (main, Jul  5 2023, 19:01:18) [MSC v.1916 64 bit (AMD64)]",
        "command_line_arguments": "C:\\Users\\trist\\anaconda3\\envs\\mlagents\\Scripts\\mlagents-learn .\\Config\\trainingConfigNC.yaml --run-id ExplorationAgentModel_01 --torch-device cuda --initialize-from GoToTargetModel_02",
        "mlagents_version": "1.1.0",
        "mlagents_envs_version": "1.1.0",
        "communication_protocol_version": "1.5.0",
        "pytorch_version": "2.6.0+cu126",
        "numpy_version": "1.23.5",
        "end_time_seconds": "1747106348"
    },
    "total": 128.92222609999953,
    "count": 1,
    "self": 0.009493299998212024,
    "children": {
        "run_training.setup": {
            "total": 0.0976730000002135,
            "count": 1,
            "self": 0.0976730000002135
        },
        "TrainerController.start_learning": {
            "total": 128.8150598000011,
            "count": 1,
            "self": 0.1264385000049515,
            "children": {
                "TrainerController._reset_env": {
                    "total": 9.155383700001039,
                    "count": 1,
                    "self": 9.155383700001039
                },
                "TrainerController.advance": {
                    "total": 119.36263909999616,
                    "count": 6251,
                    "self": 0.11363679985151975,
                    "children": {
                        "env_step": {
                            "total": 102.11461050006255,
                            "count": 6251,
                            "self": 85.88805179998053,
                            "children": {
                                "SubprocessEnvManager._take_step": {
                                    "total": 16.15140940008314,
                                    "count": 6251,
                                    "self": 0.34759529999428196,
                                    "children": {
                                        "TorchPolicy.evaluate": {
                                            "total": 15.803814100088857,
                                            "count": 6004,
                                            "self": 15.803814100088857
                                        }
                                    }
                                },
                                "workers": {
                                    "total": 0.07514929999888409,
                                    "count": 6250,
                                    "self": 0.0,
                                    "children": {
                                        "worker_root": {
                                            "total": 116.96718529997452,
                                            "count": 6250,
                                            "is_parallel": true,
                                            "self": 42.225458999952025,
                                            "children": {
                                                "steps_from_proto": {
                                                    "total": 0.0004284000006009592,
                                                    "count": 1,