{
    "name": "root",
    "gauges": {
        "EnemyNPC.Policy.Entropy.mean": {
            "value": 0.4954899251461029,
            "min": 0.4871642291545868,
            "max": 0.7586143612861633,
            "count": 50
        },
        "EnemyNPC.Policy.Entropy.sum": {
            "value": 4941.025390625,
            "min": 4853.6171875,
            "max": 7769.72802734375,
            "count": 50
        },
        "EnemyNPC.Environment.EpisodeLength.mean": {
            "value": 42.19565217391305,
            "min": 42.19565217391305,
            "max": 80.41269841269842,
            "count": 50
        },
        "EnemyNPC.Environment.EpisodeLength.sum": {
            "value": 9705.0,
            "min": 9225.0,
            "max": 10252.0,
            "count": 50
        },
        "EnemyNPC.Step.mean": {
            "value": 499960.0,
            "min": 9954.0,
            "max": 499960.0,
            "count": 50
        },
        "EnemyNPC.Step.sum": {
            "value": 499960.0,
            "min": 9954.0,
            "max": 499960.0,
            "count": 50
        },
        "EnemyNPC.Policy.ExtrinsicValueEstimate.mean": {
            "value": 0.7713407874107361,
            "min": 0.6061807870864868,
            "max": 0.7713407874107361,
            "count": 50
        },
        "EnemyNPC.Policy.ExtrinsicValueEstimate.sum": {
            "value": 216.74676513671875,
            "min": 137.77195739746094,
            "max": 216.74676513671875,
            "count": 50
        },
        "EnemyNPC.Environment.CumulativeReward.mean": {
            "value": 0.9904914595866051,
            "min": 0.8610412876944857,
            "max": 1.0031305544724374,
            "count": 50
        },
        "EnemyNPC.Environment.CumulativeReward.sum": {
            "value": 228.8035271645058,
            "min": 109.35224353719968,
            "max": 228.8035271645058,
            "count": 50
        },
        "EnemyNPC.Policy.ExtrinsicReward.mean": {
            "value": 0.9904914595866051,
            "min": 0.8610412876944857,
            "max": 1.0031305544724374,
            "count": 50
        },
        "EnemyNPC.Policy.ExtrinsicReward.sum": {
            "value": 228.8035271645058,
            "min": 109.35224353719968,
            "max": 228.8035271645058,
            "count": 50
        },
        "EnemyNPC.IsTraining.mean": {
            "value": 1.0,
            "min": 1.0,
            "max": 1.0,
            "count": 50
        },
        "EnemyNPC.IsTraining.sum": {
            "value": 1.0,
            "min": 1.0,
            "max": 1.0,
            "count": 50
        },
        "EnemyNPC.Losses.PolicyLoss.mean": {
            "value": 0.033096761380632715,
            "min": 0.026585632795467974,
            "max": 0.044064311357215044,
            "count": 48
        },
        "EnemyNPC.Losses.PolicyLoss.sum": {
            "value": 0.033096761380632715,
            "min": 0.026585632795467974,
            "max": 0.044064311357215044,
            "count": 48
        },
        "EnemyNPC.Losses.ValueLoss.mean": {
            "value": 0.009056376308823626,
            "min": 0.00889251440918694,
            "max": 0.01690089547385772,
            "count": 48
        },
        "EnemyNPC.Losses.ValueLoss.sum": {
            "value": 0.009056376308823626,
            "min": 0.00889251440918694,
            "max": 0.01690089547385772,
            "count": 48
        },
        "EnemyNPC.Policy.LearningRate.mean": {
            "value": 4.374698541799996e-06,
            "min": 4.374698541799996e-06,
            "max": 0.0002938518020494,
            "count": 48
        },
        "EnemyNPC.Policy.LearningRate.sum": {
            "value": 4.374698541799996e-06,
            "min": 4.374698541799996e-06,
            "max": 0.0002938518020494,
            "count": 48
        },
        "EnemyNPC.Policy.Epsilon.mean": {
            "value": 0.10145819999999996,
            "min": 0.10145819999999996,
            "max": 0.19795060000000003,
            "count": 48
        },
        "EnemyNPC.Policy.Epsilon.sum": {
            "value": 0.10145819999999996,
            "min": 0.10145819999999996,
            "max": 0.19795060000000003,
            "count": 48
        },
        "EnemyNPC.Policy.Beta.mean": {
            "value": 1.7145179999999995e-05,
            "min": 1.7145179999999995e-05,
            "max": 0.00048995794,
            "count": 48
        },
        "EnemyNPC.Policy.Beta.sum": {
            "value": 1.7145179999999995e-05,
            "min": 1.7145179999999995e-05,
            "max": 0.00048995794,
            "count": 48
        }
    },
    "metadata": {
        "timer_format_version": "0.1.0",
        "start_time_seconds": "1747306417",
        "python_version": "3.10.12 | packaged by Anaconda, Inc. | (main, Jul  5 2023, 19:01:18) [MSC v.1916 64 bit (AMD64)]",
        "command_line_arguments": "C:\\Users\\trist\\anaconda3\\envs\\mlagents\\Scripts\\mlagents-learn .\\Config\\trainingConfig.yaml --run-id EnemyNPCModel_03 --torch-device cuda --initialize-from EnemyNPCModel_02",
        "mlagents_version": "1.1.0",
        "mlagents_envs_version": "1.1.0",
        "communication_protocol_version": "1.5.0",
        "pytorch_version": "2.6.0+cu126",
        "numpy_version": "1.23.5",
        "end_time_seconds": "1747307641"
    },
    "total": 1224.145470899999,
    "count": 1,
    "self": 0.009855800002696924,
    "children": {
        "run_training.setup": {
            "total": 0.0993475999966904,
            "count": 1,
            "self": 0.0993475999966904
        },
        "TrainerController.start_learning": {
            "total": 1224.0362674999997,
            "count": 1,
            "self": 1.3055464997451054,
            "children": {
                "TrainerController._reset_env": {
                    "total": 9.82802989999982,
                    "count": 1,
                    "self": 9.82802989999982
                },
                "TrainerController.advance": {
                    "total": 1212.8129229002589,
                    "count": 62822,
                    "self": 1.2100818999570038,
                    "children": {
                        "env_step": {
                            "total": 1010.698141400193,
                            "count": 62822,
                            "self": 768.8984413998915,
                            "children": {
                                "SubprocessEnvManager._take_step": {
                                    "total": 241.0425686000599,
                                    "count": 62822,
                                    "self": 3.029907200125308,
                                    "children": {
                                        "TorchPolicy.evaluate": {
                                            "total": 238.0126613999346,
                                            "count": 55566,
                                            "self": 238.0126613999346
                                        }
                                    }
                                },
                                "workers": {
                                    "total": 0.757131400241633,
                                    "count": 62822,
                                    "self": 0.0,
                                    "children": {
                                        "worker_root": {
                                            "total": 1214.5177923998708,
                                            "count": 62822,
                                            "is_parallel": true,
                                            "self": 517.7824878996689,
                                            "children": {
                                                "steps_from_proto": {
                                                    "total": 0.0006026999981258996,
                                                    "count": 1,