{
    "name": "root",
    "gauges": {
        "ExploreAgent.Policy.Entropy.mean": {
            "value": 1.351470708847046,
            "min": 1.351470708847046,
            "max": 1.3826904296875,
            "count": 27
        },
        "ExploreAgent.Policy.Entropy.sum": {
            "value": 13634.98828125,
            "min": 11249.5693359375,
            "max": 13945.48046875,
            "count": 27
        },
        "ExploreAgent.Environment.EpisodeLength.mean": {
            "value": 637.8125,
            "min": 203.0,
            "max": 877.5454545454545,
            "count": 27
        },
        "ExploreAgent.Environment.EpisodeLength.sum": {
            "value": 10205.0,
            "min": 1624.0,
            "max": 12138.0,
            "count": 27
        },
        "ExploreAgent.Step.mean": {
            "value": 419967.0,
            "min": 159967.0,
            "max": 419967.0,
            "count": 27
        },
        "ExploreAgent.Step.sum": {
            "value": 419967.0,
            "min": 159967.0,
            "max": 419967.0,
            "count": 27
        },
        "ExploreAgent.Policy.ExtrinsicValueEstimate.mean": {
            "value": 0.1403454840183258,
            "min": 0.04335634410381317,
            "max": 0.1403454840183258,
            "count": 27
        },
        "ExploreAgent.Policy.ExtrinsicValueEstimate.sum": {
            "value": 22.876314163208008,
            "min": 7.153796672821045,
            "max": 22.876314163208008,
            "count": 27
        },
        "ExploreAgent.Environment.CumulativeReward.mean": {
            "value": 1.6747611609753221,
            "min": -0.11418069014325738,
            "max": 1.6747611609753221,
            "count": 27
        },
        "ExploreAgent.Environment.CumulativeReward.sum": {
            "value": 26.796178575605154,
            "min": -0.913445521146059,
            "max": 26.796178575605154,
            "count": 27
        },
        "ExploreAgent.Policy.ExtrinsicReward.mean": {
            "value": 1.6747611609753221,
            "min": -0.11418069014325738,
            "max": 1.6747611609753221,
            "count": 27
        },
        "ExploreAgent.Policy.ExtrinsicReward.sum": {
            "value": 26.796178575605154,
            "min": -0.913445521146059,
            "max": 26.796178575605154,
            "count": 27
        },
        "ExploreAgent.IsTraining.mean": {
            "value": 1.0,
            "min": 1.0,
            "max": 1.0,
            "count": 27
        },
        "ExploreAgent.IsTraining.sum": {
            "value": 1.0,
            "min": 1.0,
            "max": 1.0,
            "count": 27
        },
        "ExploreAgent.Losses.PolicyLoss.mean": {
            "value": 0.02660495142141978,
            "min": 0.016950879882400235,
            "max": 0.03222068153942625,
            "count": 26
        },
        "ExploreAgent.Losses.PolicyLoss.sum": {
            "value": 0.02660495142141978,
            "min": 0.016950879882400235,
            "max": 0.03222068153942625,
            "count": 26
        },
        "ExploreAgent.Losses.ValueLoss.mean": {
            "value": 0.0048722351202741265,
            "min": 0.0006367838737787679,
            "max": 0.013589375155667464,
            "count": 26
        },
        "ExploreAgent.Losses.ValueLoss.sum": {
            "value": 0.0048722351202741265,
            "min": 0.0006367838737787679,
            "max": 0.013589375155667464,
            "count": 26
        },
        "ExploreAgent.Policy.LearningRate.mean": {
            "value": 0.00023713937095354998,
            "min": 0.00023713937095354998,
            "max": 0.00027564825811724993,
            "count": 26
        },
        "ExploreAgent.Policy.LearningRate.sum": {
            "value": 0.00023713937095354998,
            "min": 0.00023713937095354998,
            "max": 0.00027564825811724993,
            "count": 26
        },
        "ExploreAgent.Policy.Epsilon.mean": {
            "value": 0.1790464500000001,
            "min": 0.1790464500000001,
            "max": 0.1918827500000001,
            "count": 26
        },
        "ExploreAgent.Policy.Epsilon.sum": {
            "value": 0.1790464500000001,
            "min": 0.1790464500000001,
            "max": 0.1918827500000001,
            "count": 26
        },
        "ExploreAgent.Policy.Beta.mean": {
            "value": 0.0003973276050000002,
            "min": 0.0003973276050000002,
            "max": 0.00046022547499999987,
            "count": 26
        },
        "ExploreAgent.Policy.Beta.sum": {
            "value": 0.0003973276050000002,
            "min": 0.0003973276050000002,
            "max": 0.00046022547499999987,
            "count": 26
        }
    },
    "metadata": {
        "timer_format_version": "0.1.0",
        "start_time_seconds": "1745035779",
        "python_version": "3.10.12 | packaged by Anaconda, Inc. | (main, Jul  5 2023, 19:01:18) [MSC v.1916 64 bit (AMD64)]",
        "command_line_arguments": "C:\\Users\\trist\\anaconda3\\envs\\mlagents\\Scripts\\mlagents-learn .\\Config\\trainingConfigNC.yaml --run-id AgentsV1_11 --torch-device cuda --resume",
        "mlagents_version": "1.1.0",
        "mlagents_envs_version": "1.1.0",
        "communication_protocol_version": "1.5.0",
        "pytorch_version": "2.6.0+cu126",
        "numpy_version": "1.23.5",
        "end_time_seconds": "1745036997"
    },
    "total": 1218.2637876999997,
    "count": 1,
    "self": 0.008798099999694386,
    "children": {
        "run_training.setup": {
            "total": 0.12249010000050475,
            "count": 1,
            "self": 0.12249010000050475
        },
        "TrainerController.start_learning": {
            "total": 1218.1324994999995,
            "count": 1,
            "self": 0.6203342000553675,
            "children": {
                "TrainerController._reset_env": {
                    "total": 10.689729300000181,
                    "count": 1,
                    "self": 10.689729300000181
                },
                "TrainerController.advance": {
                    "total": 1206.5922322999431,
                    "count": 30702,
                    "self": 0.6099487002356909,
                    "children": {
                        "env_step": {
                            "total": 1119.3869781997782,
                            "count": 30702,
                            "self": 1017.9770930994637,
                            "children": {
                                "SubprocessEnvManager._take_step": {
                                    "total": 101.03440440011582,
                                    "count": 30702,
                                    "self": 1.7521831000758539,
                                    "children": {
                                        "TorchPolicy.evaluate": {
                                            "total": 99.28222130003996,
                                            "count": 30387,
                                            "self": 99.28222130003996
                                        }
                                    }
                                },
                                "workers": {
                                    "total": 0.37548070019875013,
                                    "count": 30701,
                                    "self": 0.0,
                                    "children": {
                                        "worker_root": {
                                            "total": 1144.7489610999783,
                                            "count": 30701,
                                            "is_parallel": true,
                                            "self": 225.5022629999312,
                                            "children": {
                                                "steps_from_proto": {
                                                    "total": 0.0003836999985651346,