{
    "name": "root",
    "gauges": {
        "ExploreAgent.Policy.Entropy.mean": {
            "value": 1.3423664569854736,
            "min": 1.3423664569854736,
            "max": 1.3498187065124512,
            "count": 8
        },
        "ExploreAgent.Policy.Entropy.sum": {
            "value": 13361.916015625,
            "min": 6900.2734375,
            "max": 13806.318359375,
            "count": 8
        },
        "ExploreAgent.Step.mean": {
            "value": 499991.0,
            "min": 429957.0,
            "max": 499991.0,
            "count": 8
        },
        "ExploreAgent.Step.sum": {
            "value": 499991.0,
            "min": 429957.0,
            "max": 499991.0,
            "count": 8
        },
        "ExploreAgent.Policy.ExtrinsicValueEstimate.mean": {
            "value": 0.21111449599266052,
            "min": 0.07181978225708008,
            "max": 0.21178486943244934,
            "count": 8
        },
        "ExploreAgent.Policy.ExtrinsicValueEstimate.sum": {
            "value": 33.7783203125,
            "min": 11.491165161132812,
            "max": 33.7783203125,
            "count": 8
        },
        "ExploreAgent.Environment.EpisodeLength.mean": {
            "value": 962.1111111111111,
            "min": 241.2,
            "max": 962.1111111111111,
            "count": 8
        },
        "ExploreAgent.Environment.EpisodeLength.sum": {
            "value": 8659.0,
            "min": 1206.0,
            "max": 10800.0,
            "count": 8
        },
        "ExploreAgent.Environment.CumulativeReward.mean": {
            "value": 1.5614701229044132,
            "min": 0.0850728486592953,
            "max": 1.5614701229044132,
            "count": 8
        },
        "ExploreAgent.Environment.CumulativeReward.sum": {
            "value": 14.05323110613972,
            "min": 1.105947032570839,
            "max": 18.74233148235362,
            "count": 8
        },
        "ExploreAgent.Policy.ExtrinsicReward.mean": {
            "value": 1.5614701229044132,
            "min": 0.0850728486592953,
            "max": 1.5614701229044132,
            "count": 8
        },
        "ExploreAgent.Policy.ExtrinsicReward.sum": {
            "value": 14.05323110613972,
            "min": 1.105947032570839,
            "max": 18.74233148235362,
            "count": 8
        },
        "ExploreAgent.IsTraining.mean": {
            "value": 1.0,
            "min": 1.0,
            "max": 1.0,
            "count": 8
        },
        "ExploreAgent.IsTraining.sum": {
            "value": 1.0,
            "min": 1.0,
            "max": 1.0,
            "count": 8
        },
        "ExploreAgent.Losses.PolicyLoss.mean": {
            "value": 0.023177872132509946,
            "min": 0.015936865362649162,
            "max": 0.03312058011069894,
            "count": 7
        },
        "ExploreAgent.Losses.PolicyLoss.sum": {
            "value": 0.023177872132509946,
            "min": 0.015936865362649162,
            "max": 0.03312058011069894,
            "count": 7
        },
        "ExploreAgent.Losses.ValueLoss.mean": {
            "value": 0.0021427859280568856,
            "min": 0.00032099693150181946,
            "max": 0.005433381791226566,
            "count": 7
        },
        "ExploreAgent.Losses.ValueLoss.sum": {
            "value": 0.0021427859280568856,
            "min": 0.00032099693150181946,
            "max": 0.005433381791226566,
            "count": 7
        },
        "ExploreAgent.Policy.LearningRate.mean": {
            "value": 0.00022534697488434997,
            "min": 0.00022534697488434997,
            "max": 0.00023466572177810005,
            "count": 7
        },
        "ExploreAgent.Policy.LearningRate.sum": {
            "value": 0.00022534697488434997,
            "min": 0.00022534697488434997,
            "max": 0.00023466572177810005,
            "count": 7
        },
        "ExploreAgent.Policy.Epsilon.mean": {
            "value": 0.1751156500000001,
            "min": 0.1751156500000001,
            "max": 0.17822189999999993,
            "count": 7
        },
        "ExploreAgent.Policy.Epsilon.sum": {
            "value": 0.1751156500000001,
            "min": 0.1751156500000001,
            "max": 0.17822189999999993,
            "count": 7
        },
        "ExploreAgent.Policy.Beta.mean": {
            "value": 0.00037806668499999985,
            "min": 0.00037806668499999985,
            "max": 0.00039328731000000015,
            "count": 7
        },
        "ExploreAgent.Policy.Beta.sum": {
            "value": 0.00037806668499999985,
            "min": 0.00037806668499999985,
            "max": 0.00039328731000000015,
            "count": 7
        }
    },
    "metadata": {
        "timer_format_version": "0.1.0",
        "start_time_seconds": "1745048331",
        "python_version": "3.10.12 | packaged by Anaconda, Inc. | (main, Jul  5 2023, 19:01:18) [MSC v.1916 64 bit (AMD64)]",
        "command_line_arguments": "C:\\Users\\trist\\anaconda3\\envs\\mlagents\\Scripts\\mlagents-learn .\\Config\\trainingConfigNC.yaml --run-id AgentsV1_11 --torch-device cuda --resume",
        "mlagents_version": "1.1.0",
        "mlagents_envs_version": "1.1.0",
        "communication_protocol_version": "1.5.0",
        "pytorch_version": "2.6.0+cu126",
        "numpy_version": "1.23.5",
        "end_time_seconds": "1745048704"
    },
    "total": 372.961449800001,
    "count": 1,
    "self": 0.00844620000134455,
    "children": {
        "run_training.setup": {
            "total": 0.13844109999990906,
            "count": 1,
            "self": 0.13844109999990906
        },
        "TrainerController.start_learning": {
            "total": 372.81456249999974,
            "count": 1,
            "self": 0.1722666996611224,
            "children": {
                "TrainerController._reset_env": {
                    "total": 26.888435999997455,
                    "count": 1,
                    "self": 26.888435999997455
                },
                "TrainerController.advance": {
                    "total": 345.650573400344,
                    "count": 8499,
                    "self": 0.17052300041541457,
                    "children": {
                        "env_step": {
                            "total": 320.71636950007087,
                            "count": 8499,
                            "self": 289.835041600345,
                            "children": {
                                "SubprocessEnvManager._take_step": {
                                    "total": 30.77699889980795,
                                    "count": 8500,
                                    "self": 0.5021410997251223,
                                    "children": {
                                        "TorchPolicy.evaluate": {
                                            "total": 30.274857800082827,
                                            "count": 8445,
                                            "self": 30.274857800082827
                                        }
                                    }
                                },
                                "workers": {
                                    "total": 0.1043289999179251,
                                    "count": 8498,
                                    "self": 0.0,
                                    "children": {
                                        "worker_root": {
                                            "total": 323.8464971999747,
                                            "count": 8498,
                                            "is_parallel": true,
                                            "self": 68.31089859986969,
                                            "children": {
                                                "steps_from_proto": {
                                                    "total": 0.0008476000039081555,