{
    "name": "root",
    "gauges": {
        "ExploreAgent.Policy.Entropy.mean": {
            "value": 1.280442476272583,
            "min": 1.2804404497146606,
            "max": 1.2916470766067505,
            "count": 31
        },
        "ExploreAgent.Policy.Entropy.sum": {
            "value": 12860.7646484375,
            "min": 6374.62255859375,
            "max": 13402.76953125,
            "count": 31
        },
        "ExploreAgent.Environment.LessonNumber.difficulty.mean": {
            "value": 2.0,
            "min": 2.0,
            "max": 2.0,
            "count": 31
        },
        "ExploreAgent.Environment.LessonNumber.difficulty.sum": {
            "value": 2.0,
            "min": 2.0,
            "max": 2.0,
            "count": 31
        },
        "ExploreAgent.Environment.EpisodeLength.mean": {
            "value": 62.28,
            "min": 59.556291390728475,
            "max": 518.3684210526316,
            "count": 31
        },
        "ExploreAgent.Environment.EpisodeLength.sum": {
            "value": 9342.0,
            "min": 649.0,
            "max": 12579.0,
            "count": 31
        },
        "ExploreAgent.Step.mean": {
            "value": 1369945.0,
            "min": 1069987.0,
            "max": 1369945.0,
            "count": 31
        },
        "ExploreAgent.Step.sum": {
            "value": 1369945.0,
            "min": 1069987.0,
            "max": 1369945.0,
            "count": 31
        },
        "ExploreAgent.Policy.ExtrinsicValueEstimate.mean": {
            "value": 0.6444239616394043,
            "min": 0.11066897213459015,
            "max": 0.6444239616394043,
            "count": 31
        },
        "ExploreAgent.Policy.ExtrinsicValueEstimate.sum": {
            "value": 160.46156311035156,
            "min": 8.300172805786133,
            "max": 170.30911254882812,
            "count": 31
        },
        "ExploreAgent.Environment.CumulativeReward.mean": {
            "value": 1.0867019945027812,
            "min": -0.4534736075193474,
            "max": 1.1046351417899132,
            "count": 31
        },
        "ExploreAgent.Environment.CumulativeReward.sum": {
            "value": 164.09200116991997,
            "min": -8.615998542867601,
            "max": 171.1008017002605,
            "count": 31
        },
        "ExploreAgent.Policy.ExtrinsicReward.mean": {
            "value": 1.0867019945027812,
            "min": -0.4534736075193474,
            "max": 1.1046351417899132,
            "count": 31
        },
        "ExploreAgent.Policy.ExtrinsicReward.sum": {
            "value": 164.09200116991997,
            "min": -8.615998542867601,
            "max": 171.1008017002605,
            "count": 31
        },
        "ExploreAgent.IsTraining.mean": {
            "value": 1.0,
            "min": 1.0,
            "max": 1.0,
            "count": 31
        },
        "ExploreAgent.IsTraining.sum": {
            "value": 1.0,
            "min": 1.0,
            "max": 1.0,
            "count": 31
        },
        "ExploreAgent.Losses.PolicyLoss.mean": {
            "value": 0.022966768755577505,
            "min": 0.01632426120340824,
            "max": 0.029149815052126844,
            "count": 29
        },
        "ExploreAgent.Losses.PolicyLoss.sum": {
            "value": 0.022966768755577505,
            "min": 0.01632426120340824,
            "max": 0.029149815052126844,
            "count": 29
        },
        "ExploreAgent.Losses.ValueLoss.mean": {
            "value": 0.017498002853244543,
            "min": 0.0033016012283042075,
            "max": 0.03068536501377821,
            "count": 29
        },
        "ExploreAgent.Losses.ValueLoss.sum": {
            "value": 0.017498002853244543,
            "min": 0.0033016012283042075,
            "max": 0.03068536501377821,
            "count": 29
        },
        "ExploreAgent.Policy.LearningRate.mean": {
            "value": 9.552786815739995e-05,
            "min": 9.552786815739995e-05,
            "max": 0.00013865600378134996,
            "count": 29
        },
        "ExploreAgent.Policy.LearningRate.sum": {
            "value": 9.552786815739995e-05,
            "min": 9.552786815739995e-05,
            "max": 0.00013865600378134996,
            "count": 29
        },
        "ExploreAgent.Policy.Epsilon.mean": {
            "value": 0.13184260000000003,
            "min": 0.13184260000000003,
            "max": 0.14621864999999995,
            "count": 29
        },
        "ExploreAgent.Policy.Epsilon.sum": {
            "value": 0.13184260000000003,
            "min": 0.13184260000000003,
            "max": 0.14621864999999995,
            "count": 29
        },
        "ExploreAgent.Policy.Beta.mean": {
            "value": 0.00016602874,
            "min": 0.00016602874,
            "max": 0.00023647138499999996,
            "count": 29
        },
        "ExploreAgent.Policy.Beta.sum": {
            "value": 0.00016602874,
            "min": 0.00016602874,
            "max": 0.00023647138499999996,
            "count": 29
        }
    },
    "metadata": {
        "timer_format_version": "0.1.0",
        "start_time_seconds": "1744714032",
        "python_version": "3.10.12 | packaged by Anaconda, Inc. | (main, Jul  5 2023, 19:01:18) [MSC v.1916 64 bit (AMD64)]",
        "command_line_arguments": "C:\\Users\\trist\\anaconda3\\envs\\mlagents\\Scripts\\mlagents-learn .\\Config\\trainingConfig.yaml --run-id ExploreAndHearAgents_01 --torch-device cuda --resume",
        "mlagents_version": "1.1.0",
        "mlagents_envs_version": "1.1.0",
        "communication_protocol_version": "1.5.0",
        "pytorch_version": "2.6.0+cu126",
        "numpy_version": "1.23.5",
        "end_time_seconds": "1744714920"
    },
    "total": 887.0404860000017,
    "count": 1,
    "self": 0.014552000004186993,
    "children": {
        "run_training.setup": {
            "total": 0.13149689999772818,
            "count": 1,
            "self": 0.13149689999772818
        },
        "TrainerController.start_learning": {
            "total": 886.8944370999998,
            "count": 1,
            "self": 1.0757680998904107,
            "children": {
                "TrainerController._reset_env": {
                    "total": 11.003204399999959,
                    "count": 1,
                    "self": 11.003204399999959
                },
                "TrainerController.advance": {
                    "total": 874.6463011001106,
                    "count": 36655,
                    "self": 1.132850199675886,
                    "children": {
                        "env_step": {
                            "total": 769.3908539005133,
                            "count": 36655,
                            "self": 659.8598038009295,
                            "children": {
                                "SubprocessEnvManager._take_step": {
                                    "total": 109.10006119995887,
                                    "count": 36657,
                                    "self": 2.0275011997728143,
                                    "children": {
                                        "TorchPolicy.evaluate": {
                                            "total": 107.07256000018606,
                                            "count": 34962,
                                            "self": 107.07256000018606
                                        }
                                    }
                                },
                                "workers": {
                                    "total": 0.4309888996249356,
                                    "count": 36654,
                                    "self": 0.0,
                                    "children": {
                                        "worker_root": {
                                            "total": 840.4817587005091,
                                            "count": 36654,