{
    "name": "root",
    "gauges": {
        "ExploreAgent.Policy.Entropy.mean": {
            "value": 1.3457930088043213,
            "min": 1.3457930088043213,
            "max": 1.3546847105026245,
            "count": 8
        },
        "ExploreAgent.Policy.Entropy.sum": {
            "value": 13638.2666015625,
            "min": 13299.818359375,
            "max": 13875.0029296875,
            "count": 8
        },
        "ExploreAgent.Environment.EpisodeLength.mean": {
            "value": 656.5,
            "min": 165.875,
            "max": 761.4166666666666,
            "count": 8
        },
        "ExploreAgent.Environment.EpisodeLength.sum": {
            "value": 9191.0,
            "min": 2654.0,
            "max": 10531.0,
            "count": 8
        },
        "ExploreAgent.Step.mean": {
            "value": 289953.0,
            "min": 219943.0,
            "max": 289953.0,
            "count": 8
        },
        "ExploreAgent.Step.sum": {
            "value": 289953.0,
            "min": 219943.0,
            "max": 289953.0,
            "count": 8
        },
        "ExploreAgent.Policy.ExtrinsicValueEstimate.mean": {
            "value": 2.0695760250091553,
            "min": 1.5041780471801758,
            "max": 2.1223628520965576,
            "count": 8
        },
        "ExploreAgent.Policy.ExtrinsicValueEstimate.sum": {
            "value": 335.2713317871094,
            "min": 227.13088989257812,
            "max": 343.8227844238281,
            "count": 8
        },
        "ExploreAgent.Environment.CumulativeReward.mean": {
            "value": 14.183733847906947,
            "min": 2.6033162724779686,
            "max": 17.45983520242632,
            "count": 8
        },
        "ExploreAgent.Environment.CumulativeReward.sum": {
            "value": 198.57227387069725,
            "min": 41.6530603596475,
            "max": 296.81719844124746,
            "count": 8
        },
        "ExploreAgent.Policy.ExtrinsicReward.mean": {
            "value": 14.183733847906947,
            "min": 2.6033162724779686,
            "max": 17.45983520242632,
            "count": 8
        },
        "ExploreAgent.Policy.ExtrinsicReward.sum": {
            "value": 198.57227387069725,
            "min": 41.6530603596475,
            "max": 296.81719844124746,
            "count": 8
        },
        "ExploreAgent.IsTraining.mean": {
            "value": 1.0,
            "min": 1.0,
            "max": 1.0,
            "count": 8
        },
        "ExploreAgent.IsTraining.sum": {
            "value": 1.0,
            "min": 1.0,
            "max": 1.0,
            "count": 8
        },
        "ExploreAgent.Losses.PolicyLoss.mean": {
            "value": 0.022449173529942832,
            "min": 0.01966928883145253,
            "max": 0.02680925838649273,
            "count": 7
        },
        "ExploreAgent.Losses.PolicyLoss.sum": {
            "value": 0.022449173529942832,
            "min": 0.01966928883145253,
            "max": 0.02680925838649273,
            "count": 7
        },
        "ExploreAgent.Losses.ValueLoss.mean": {
            "value": 0.07921686346332232,
            "min": 0.046494668101270994,
            "max": 0.10796646873156229,
            "count": 7
        },
        "ExploreAgent.Losses.ValueLoss.sum": {
            "value": 0.07921686346332232,
            "min": 0.046494668101270994,
            "max": 0.10796646873156229,
            "count": 7
        },
        "ExploreAgent.Policy.LearningRate.mean": {
            "value": 0.0002575839141387,
            "min": 0.0002575839141387,
            "max": 0.00026683576105474986,
            "count": 7
        },
        "ExploreAgent.Policy.LearningRate.sum": {
            "value": 0.0002575839141387,
            "min": 0.0002575839141387,
            "max": 0.00026683576105474986,
            "count": 7
        },
        "ExploreAgent.Policy.Epsilon.mean": {
            "value": 0.1858613,
            "min": 0.1858613,
            "max": 0.18894524999999998,
            "count": 7
        },
        "ExploreAgent.Policy.Epsilon.sum": {
            "value": 0.1858613,
            "min": 0.1858613,
            "max": 0.18894524999999998,
            "count": 7
        },
        "ExploreAgent.Policy.Beta.mean": {
            "value": 0.00043072037000000004,
            "min": 0.00043072037000000004,
            "max": 0.000445831725,
            "count": 7
        },
        "ExploreAgent.Policy.Beta.sum": {
            "value": 0.00043072037000000004,
            "min": 0.00043072037000000004,
            "max": 0.000445831725,
            "count": 7
        }
    },
    "metadata": {
        "timer_format_version": "0.1.0",
        "start_time_seconds": "1745055193",
        "python_version": "3.10.12 | packaged by Anaconda, Inc. | (main, Jul  5 2023, 19:01:18) [MSC v.1916 64 bit (AMD64)]",
        "command_line_arguments": "C:\\Users\\trist\\anaconda3\\envs\\mlagents\\Scripts\\mlagents-learn .\\Config\\trainingConfigNC.yaml --run-id AgentsV1_20 --torch-device cuda --resume",
        "mlagents_version": "1.1.0",
        "mlagents_envs_version": "1.1.0",
        "communication_protocol_version": "1.5.0",
        "pytorch_version": "2.6.0+cu126",
        "numpy_version": "1.23.5",
        "end_time_seconds": "1745055727"
    },
    "total": 534.3354500000023,
    "count": 1,
    "self": 0.010862900002393872,
    "children": {
        "run_training.setup": {
            "total": 0.1264515000002575,
            "count": 1,
            "self": 0.1264515000002575
        },
        "TrainerController.start_learning": {
            "total": 534.1981355999997,
            "count": 1,
            "self": 0.1998450998471526,
            "children": {
                "TrainerController._reset_env": {
                    "total": 44.12294320000001,
                    "count": 1,
                    "self": 44.12294320000001
                },
                "TrainerController.advance": {
                    "total": 489.7248909001537,
                    "count": 9655,
                    "self": 0.19598130003578262,
                    "children": {
                        "env_step": {
                            "total": 461.372146700116,
                            "count": 9655,
                            "self": 426.1277956000522,
                            "children": {
                                "SubprocessEnvManager._take_step": {
                                    "total": 35.126401700017595,
                                    "count": 9657,
                                    "self": 0.5795822998807125,
                                    "children": {
                                        "TorchPolicy.evaluate": {
                                            "total": 34.54681940013688,
                                            "count": 9576,
                                            "self": 34.54681940013688
                                        }
                                    }
                                },
                                "workers": {
                                    "total": 0.11794940004620003,
                                    "count": 9654,
                                    "self": 0.0,
                                    "children": {
                                        "worker_root": {
                                            "total": 391.74319640002795,
                                            "count": 9654,
                                            "is_parallel": true,
                                            "self": 76.95477419996314,
                                            "children": {
                                                "steps_from_proto": {
                                                    "total": 0.0012182999962533358,
                                                    "count": 3,