{
    "name": "root",
    "gauges": {
        "EnemyNPC.Policy.Entropy.mean": {
            "value": 0.7921236753463745,
            "min": 0.7603297233581543,
            "max": 1.1913496255874634,
            "count": 50
        },
        "EnemyNPC.Policy.Entropy.sum": {
            "value": 7820.63720703125,
            "min": 7636.751953125,
            "max": 12362.634765625,
            "count": 50
        },
        "EnemyNPC.Step.mean": {
            "value": 499942.0,
            "min": 9939.0,
            "max": 499942.0,
            "count": 50
        },
        "EnemyNPC.Step.sum": {
            "value": 499942.0,
            "min": 9939.0,
            "max": 499942.0,
            "count": 50
        },
        "EnemyNPC.Policy.ExtrinsicValueEstimate.mean": {
            "value": 0.5491732954978943,
            "min": 0.1354740560054779,
            "max": 0.5877685546875,
            "count": 50
        },
        "EnemyNPC.Policy.ExtrinsicValueEstimate.sum": {
            "value": 112.03135681152344,
            "min": 24.466087341308594,
            "max": 131.66015625,
            "count": 50
        },
        "EnemyNPC.Environment.EpisodeLength.mean": {
            "value": 95.77777777777777,
            "min": 79.752,
            "max": 270.9166666666667,
            "count": 50
        },
        "EnemyNPC.Environment.EpisodeLength.sum": {
            "value": 9482.0,
            "min": 7534.0,
            "max": 10895.0,
            "count": 50
        },
        "EnemyNPC.Environment.CumulativeReward.mean": {
            "value": 0.9186280551766318,
            "min": 0.2615795668527043,
            "max": 0.9677409348762868,
            "count": 50
        },
        "EnemyNPC.Environment.CumulativeReward.sum": {
            "value": 90.94417746248655,
            "min": 9.940023540402763,
            "max": 125.46595279558096,
            "count": 50
        },
        "EnemyNPC.Policy.ExtrinsicReward.mean": {
            "value": 0.9186280551766318,
            "min": 0.2615795668527043,
            "max": 0.9677409348762868,
            "count": 50
        },
        "EnemyNPC.Policy.ExtrinsicReward.sum": {
            "value": 90.94417746248655,
            "min": 9.940023540402763,
            "max": 125.46595279558096,
            "count": 50
        },
        "EnemyNPC.IsTraining.mean": {
            "value": 1.0,
            "min": 1.0,
            "max": 1.0,
            "count": 50
        },
        "EnemyNPC.IsTraining.sum": {
            "value": 1.0,
            "min": 1.0,
            "max": 1.0,
            "count": 50
        },
        "EnemyNPC.Losses.PolicyLoss.mean": {
            "value": 0.03374497716625532,
            "min": 0.02603113343939185,
            "max": 0.04158498643276592,
            "count": 48
        },
        "EnemyNPC.Losses.PolicyLoss.sum": {
            "value": 0.03374497716625532,
            "min": 0.02603113343939185,
            "max": 0.04158498643276592,
            "count": 48
        },
        "EnemyNPC.Losses.ValueLoss.mean": {
            "value": 0.0172953557378302,
            "min": 0.007818767280938724,
            "max": 0.02345784508312742,
            "count": 48
        },
        "EnemyNPC.Losses.ValueLoss.sum": {
            "value": 0.0172953557378302,
            "min": 0.007818767280938724,
            "max": 0.02345784508312742,
            "count": 48
        },
        "EnemyNPC.Policy.LearningRate.mean": {
            "value": 3.982298672600003e-06,
            "min": 3.982298672600003e-06,
            "max": 0.0002937486020837999,
            "count": 48
        },
        "EnemyNPC.Policy.LearningRate.sum": {
            "value": 3.982298672600003e-06,
            "min": 3.982298672600003e-06,
            "max": 0.0002937486020837999,
            "count": 48
        },
        "EnemyNPC.Policy.Epsilon.mean": {
            "value": 0.10132739999999997,
            "min": 0.10132739999999997,
            "max": 0.19791620000000001,
            "count": 48
        },
        "EnemyNPC.Policy.Epsilon.sum": {
            "value": 0.10132739999999997,
            "min": 0.10132739999999997,
            "max": 0.19791620000000001,
            "count": 48
        },
        "EnemyNPC.Policy.Beta.mean": {
            "value": 1.6504260000000008e-05,
            "min": 1.6504260000000008e-05,
            "max": 0.0004897893800000001,
            "count": 48
        },
        "EnemyNPC.Policy.Beta.sum": {
            "value": 1.6504260000000008e-05,
            "min": 1.6504260000000008e-05,
            "max": 0.0004897893800000001,
            "count": 48
        }
    },
    "metadata": {
        "timer_format_version": "0.1.0",
        "start_time_seconds": "1747394386",
        "python_version": "3.10.12 | packaged by Anaconda, Inc. | (main, Jul  5 2023, 19:01:18) [MSC v.1916 64 bit (AMD64)]",
        "command_line_arguments": "C:\\Users\\trist\\anaconda3\\envs\\mlagents\\Scripts\\mlagents-learn .\\Config\\trainingConfig.yaml --run-id AgentVisionHearingModel_02 --torch-device cuda --initialize-from AgentVisionHearingModel_01",
        "mlagents_version": "1.1.0",
        "mlagents_envs_version": "1.1.0",
        "communication_protocol_version": "1.5.0",
        "pytorch_version": "2.6.0+cu126",
        "numpy_version": "1.23.5",
        "end_time_seconds": "1747396184"
    },
    "total": 1798.091737499999,
    "count": 1,
    "self": 0.010760799996205606,
    "children": {
        "run_training.setup": {
            "total": 0.0977502000023378,
            "count": 1,
            "self": 0.0977502000023378
        },
        "TrainerController.start_learning": {
            "total": 1797.9832265000005,
            "count": 1,
            "self": 1.2016910996899242,
            "children": {
                "TrainerController._reset_env": {
                    "total": 10.777873799997906,
                    "count": 1,
                    "self": 10.777873799997906
                },
                "TrainerController.advance": {
                    "total": 1785.9051985003098,
                    "count": 58527,
                    "self": 1.1308178015387966,
                    "children": {
                        "env_step": {
                            "total": 1586.0085436994195,
                            "count": 58527,
                            "self": 1307.7360123986582,
                            "children": {
                                "SubprocessEnvManager._take_step": {
                                    "total": 277.582328501092,
                                    "count": 58529,
                                    "self": 3.06499870128755,
                                    "children": {
                                        "TorchPolicy.evaluate": {
                                            "total": 274.51732979980443,
                                            "count": 55645,
                                            "self": 274.51732979980443
                                        }
                                    }
                                },
                                "workers": {
                                    "total": 0.6902027996693505,
                                    "count": 58527,
                                    "self": 0.0,
                                    "children": {
                                        "worker_root": {
                                            "total": 1713.5039102989322,
                                            "count": 58527,
                                            "is_parallel": true,
                                            "self": 548.5253112980135,
                                            "children": {
                                                "steps_from_proto": {
                                                    "total": 0.0016951999932643957,
                                                    "count": 3,