{
    "name": "root",
    "gauges": {
        "ExploreAgent.Policy.Entropy.mean": {
            "value": 1.3680238723754883,
            "min": 1.3680238723754883,
            "max": 1.3737212419509888,
            "count": 12
        },
        "ExploreAgent.Policy.Entropy.sum": {
            "value": 13765.056640625,
            "min": 1579.904296875,
            "max": 14080.037109375,
            "count": 12
        },
        "ExploreAgent.Step.mean": {
            "value": 239942.0,
            "min": 129960.0,
            "max": 239942.0,
            "count": 12
        },
        "ExploreAgent.Step.sum": {
            "value": 239942.0,
            "min": 129960.0,
            "max": 239942.0,
            "count": 12
        },
        "ExploreAgent.Policy.ExtrinsicValueEstimate.mean": {
            "value": 0.03766752406954765,
            "min": -0.08250577747821808,
            "max": 0.03766752406954765,
            "count": 12
        },
        "ExploreAgent.Policy.ExtrinsicValueEstimate.sum": {
            "value": 6.139806270599365,
            "min": -7.587479114532471,
            "max": 6.139806270599365,
            "count": 12
        },
        "ExploreAgent.IsTraining.mean": {
            "value": 1.0,
            "min": 1.0,
            "max": 1.0,
            "count": 12
        },
        "ExploreAgent.IsTraining.sum": {
            "value": 1.0,
            "min": 1.0,
            "max": 1.0,
            "count": 12
        },
        "ExploreAgent.Environment.EpisodeLength.mean": {
            "value": 655.7333333333333,
            "min": 364.6470588235294,
            "max": 755.9333333333333,
            "count": 11
        },
        "ExploreAgent.Environment.EpisodeLength.sum": {
            "value": 9836.0,
            "min": 6199.0,
            "max": 11339.0,
            "count": 11
        },
        "ExploreAgent.Environment.CumulativeReward.mean": {
            "value": 0.8774061114061624,
            "min": 0.11300692005897872,
            "max": 0.8774061114061624,
            "count": 11
        },
        "ExploreAgent.Environment.CumulativeReward.sum": {
            "value": 13.161091671092436,
            "min": 1.8081107209436595,
            "max": 13.161091671092436,
            "count": 11
        },
        "ExploreAgent.Policy.ExtrinsicReward.mean": {
            "value": 0.8774061114061624,
            "min": 0.11300692005897872,
            "max": 0.8774061114061624,
            "count": 11
        },
        "ExploreAgent.Policy.ExtrinsicReward.sum": {
            "value": 13.161091671092436,
            "min": 1.8081107209436595,
            "max": 13.161091671092436,
            "count": 11
        },
        "ExploreAgent.Losses.PolicyLoss.mean": {
            "value": 0.020895651712392768,
            "min": 0.020895651712392768,
            "max": 0.027382797732328375,
            "count": 10
        },
        "ExploreAgent.Losses.PolicyLoss.sum": {
            "value": 0.020895651712392768,
            "min": 0.020895651712392768,
            "max": 0.027382797732328375,
            "count": 10
        },
        "ExploreAgent.Losses.ValueLoss.mean": {
            "value": 0.006893952190876007,
            "min": 0.004503898151839773,
            "max": 0.009689780510962009,
            "count": 10
        },
        "ExploreAgent.Losses.ValueLoss.sum": {
            "value": 0.006893952190876007,
            "min": 0.004503898151839773,
            "max": 0.009689780510962009,
            "count": 10
        },
        "ExploreAgent.Policy.LearningRate.mean": {
            "value": 0.00026523586158804993,
            "min": 0.00026523586158804993,
            "max": 0.00027910605696465,
            "count": 10
        },
        "ExploreAgent.Policy.LearningRate.sum": {
            "value": 0.00026523586158804993,
            "min": 0.00026523586158804993,
            "max": 0.00027910605696465,
            "count": 10
        },
        "ExploreAgent.Policy.Epsilon.mean": {
            "value": 0.18841194999999997,
            "min": 0.18841194999999997,
            "max": 0.19303534999999997,
            "count": 10
        },
        "ExploreAgent.Policy.Epsilon.sum": {
            "value": 0.18841194999999997,
            "min": 0.18841194999999997,
            "max": 0.19303534999999997,
            "count": 10
        },
        "ExploreAgent.Policy.Beta.mean": {
            "value": 0.0004432185549999999,
            "min": 0.0004432185549999999,
            "max": 0.0004658732150000002,
            "count": 10
        },
        "ExploreAgent.Policy.Beta.sum": {
            "value": 0.0004432185549999999,
            "min": 0.0004432185549999999,
            "max": 0.0004658732150000002,
            "count": 10
        }
    },
    "metadata": {
        "timer_format_version": "0.1.0",
        "start_time_seconds": "1745049394",
        "python_version": "3.10.12 | packaged by Anaconda, Inc. | (main, Jul  5 2023, 19:01:18) [MSC v.1916 64 bit (AMD64)]",
        "command_line_arguments": "C:\\Users\\trist\\anaconda3\\envs\\mlagents\\Scripts\\mlagents-learn .\\Config\\trainingConfigNC.yaml --run-id AgentsV1_12 --torch-device cuda --resume",
        "mlagents_version": "1.1.0",
        "mlagents_envs_version": "1.1.0",
        "communication_protocol_version": "1.5.0",
        "pytorch_version": "2.6.0+cu126",
        "numpy_version": "1.23.5",
        "end_time_seconds": "1745049946"
    },
    "total": 551.8762028000019,
    "count": 1,
    "self": 0.12374760000238894,
    "children": {
        "run_training.setup": {
            "total": 0.13226919999942766,
            "count": 1,
            "self": 0.13226919999942766
        },
        "TrainerController.start_learning": {
            "total": 551.6201860000001,
            "count": 1,
            "self": 0.2802271999498771,
            "children": {
                "TrainerController._reset_env": {
                    "total": 11.153710700000374,
                    "count": 1,
                    "self": 11.153710700000374
                },
                "TrainerController.advance": {
                    "total": 540.0073453000477,
                    "count": 12752,
                    "self": 0.25148470003841794,
                    "children": {
                        "env_step": {
                            "total": 503.63252879998254,
                            "count": 12752,
                            "self": 462.55148540029404,
                            "children": {
                                "SubprocessEnvManager._take_step": {
                                    "total": 40.926257900016935,
                                    "count": 12753,
                                    "self": 0.7534061000478687,
                                    "children": {
                                        "TorchPolicy.evaluate": {
                                            "total": 40.17285179996907,
                                            "count": 12648,
                                            "self": 40.17285179996907
                                        }
                                    }
                                },
                                "workers": {
                                    "total": 0.1547854996715614,
                                    "count": 12751,
                                    "self": 0.0,
                                    "children": {
                                        "worker_root": {
                                            "total": 499.4747325000244,
                                            "count": 12751,
                                            "is_parallel": true,
                                            "self": 94.48383810011364,