{
    "name": "root",
    "gauges": {
        "ExploreAgent.Policy.Entropy.mean": {
            "value": 1.2843377590179443,
            "min": 1.2843377590179443,
            "max": 1.4216214418411255,
            "count": 67
        },
        "ExploreAgent.Policy.Entropy.sum": {
            "value": 12761.1796875,
            "min": 12761.1796875,
            "max": 14647.7001953125,
            "count": 67
        },
        "ExploreAgent.Environment.LessonNumber.difficulty.mean": {
            "value": 2.0,
            "min": 0.0,
            "max": 2.0,
            "count": 67
        },
        "ExploreAgent.Environment.LessonNumber.difficulty.sum": {
            "value": 2.0,
            "min": 0.0,
            "max": 2.0,
            "count": 67
        },
        "ExploreAgent.Environment.EpisodeLength.mean": {
            "value": 74.4225352112676,
            "min": 39.791666666666664,
            "max": 294.969696969697,
            "count": 67
        },
        "ExploreAgent.Environment.EpisodeLength.sum": {
            "value": 10568.0,
            "min": 8435.0,
            "max": 11730.0,
            "count": 67
        },
        "ExploreAgent.Step.mean": {
            "value": 669952.0,
            "min": 9967.0,
            "max": 669952.0,
            "count": 67
        },
        "ExploreAgent.Step.sum": {
            "value": 669952.0,
            "min": 9967.0,
            "max": 669952.0,
            "count": 67
        },
        "ExploreAgent.Policy.ExtrinsicValueEstimate.mean": {
            "value": 0.9762605428695679,
            "min": -0.2483745813369751,
            "max": 1.001798152923584,
            "count": 67
        },
        "ExploreAgent.Policy.ExtrinsicValueEstimate.sum": {
            "value": 222.58740234375,
            "min": -49.499900817871094,
            "max": 230.05935668945312,
            "count": 67
        },
        "ExploreAgent.Environment.CumulativeReward.mean": {
            "value": 1.493576002425291,
            "min": -1.7432589007334576,
            "max": 1.544574932930501,
            "count": 67
        },
        "ExploreAgent.Environment.CumulativeReward.sum": {
            "value": 212.08779234439135,
            "min": -251.0292817056179,
            "max": 236.1083908099681,
            "count": 67
        },
        "ExploreAgent.Policy.ExtrinsicReward.mean": {
            "value": 1.493576002425291,
            "min": -1.7432589007334576,
            "max": 1.544574932930501,
            "count": 67
        },
        "ExploreAgent.Policy.ExtrinsicReward.sum": {
            "value": 212.08779234439135,
            "min": -251.0292817056179,
            "max": 236.1083908099681,
            "count": 67
        },
        "ExploreAgent.IsTraining.mean": {
            "value": 1.0,
            "min": 1.0,
            "max": 1.0,
            "count": 67
        },
        "ExploreAgent.IsTraining.sum": {
            "value": 1.0,
            "min": 1.0,
            "max": 1.0,
            "count": 67
        },
        "ExploreAgent.Losses.PolicyLoss.mean": {
            "value": 0.021868450846523047,
            "min": 0.017821285935739676,
            "max": 0.030151598124454417,
            "count": 65
        },
        "ExploreAgent.Losses.PolicyLoss.sum": {
            "value": 0.021868450846523047,
            "min": 0.017821285935739676,
            "max": 0.030151598124454417,
            "count": 65
        },
        "ExploreAgent.Losses.ValueLoss.mean": {
            "value": 0.01698162788525224,
            "min": 0.016128583966443937,
            "max": 0.08617591733733813,
            "count": 65
        },
        "ExploreAgent.Losses.ValueLoss.sum": {
            "value": 0.01698162788525224,
            "min": 0.016128583966443937,
            "max": 0.08617591733733813,
            "count": 65
        },
        "ExploreAgent.Policy.LearningRate.mean": {
            "value": 0.00019987623337459998,
            "min": 0.00019987623337459998,
            "max": 0.00029845605051465,
            "count": 65
        },
        "ExploreAgent.Policy.LearningRate.sum": {
            "value": 0.00019987623337459998,
            "min": 0.00019987623337459998,
            "max": 0.00029845605051465,
            "count": 65
        },
        "ExploreAgent.Policy.Epsilon.mean": {
            "value": 0.1666254,
            "min": 0.1666254,
            "max": 0.19948534999999995,
            "count": 65
        },
        "ExploreAgent.Policy.Epsilon.sum": {
            "value": 0.1666254,
            "min": 0.1666254,
            "max": 0.19948534999999995,
            "count": 65
        },
        "ExploreAgent.Policy.Beta.mean": {
            "value": 0.00033646446,
            "min": 0.00033646446,
            "max": 0.0004974782149999999,
            "count": 65
        },
        "ExploreAgent.Policy.Beta.sum": {
            "value": 0.00033646446,
            "min": 0.00033646446,
            "max": 0.0004974782149999999,
            "count": 65
        }
    },
    "metadata": {
        "timer_format_version": "0.1.0",
        "start_time_seconds": "1744623203",
        "python_version": "3.10.12 | packaged by Anaconda, Inc. | (main, Jul  5 2023, 19:01:18) [MSC v.1916 64 bit (AMD64)]",
        "command_line_arguments": "C:\\Users\\trist\\anaconda3\\envs\\mlagents\\Scripts\\mlagents-learn .\\config\\trainingConfig.yaml --run-id ExploreAgents_04 --torch-device cuda",
        "mlagents_version": "1.1.0",
        "mlagents_envs_version": "1.1.0",
        "communication_protocol_version": "1.5.0",
        "pytorch_version": "2.6.0+cu126",
        "numpy_version": "1.23.5",
        "end_time_seconds": "1744625063"
    },
    "total": 1859.5105887999998,
    "count": 1,
    "self": 0.013590900000053807,
    "children": {
        "run_training.setup": {
            "total": 0.11615730000085023,
            "count": 1,
            "self": 0.11615730000085023
        },
        "TrainerController.start_learning": {
            "total": 1859.380840599999,
            "count": 1,
            "self": 2.709152899849869,
            "children": {
                "TrainerController._reset_env": {
                    "total": 9.210168499999781,
                    "count": 1,
                    "self": 9.210168499999781
                },
                "TrainerController.advance": {
                    "total": 1847.3519253001487,
                    "count": 80447,
                    "self": 2.4683819012298045,
                    "children": {
                        "env_step": {
                            "total": 1603.8472095995876,
                            "count": 80447,
                            "self": 1350.4175058998862,
                            "children": {
                                "SubprocessEnvManager._take_step": {
                                    "total": 252.44873349975933,
                                    "count": 80447,
                                    "self": 4.505542599827095,
                                    "children": {
                                        "TorchPolicy.evaluate": {
                                            "total": 247.94319089993223,
                                            "count": 74717,
                                            "self": 247.94319089993223
                                        }
                                    }
                                },
                                "workers": {
                                    "total": 0.9809701999420213,
                                    "count": 80446,
                                    "self": 0.0,
                                    "children": {
                                        "worker_root": {
                                            "total": 1845.0824201000214,
                                            "count": 80446,
                                            "is_parallel": true,